"record_id","record_name","domain_id","domain_label","capability_id","capability_label","method_role","contribution_class","contribution_status","maturity","formula_version","interactive_state","can_render","formula_status","proposed_formula","implemented_formula","required_inputs","temporal_operator","spatial_operator","units","physical_rationale","intended_use_and_inference_limit","calibration_status","validation_status","event_evidence_status","source_name","source_url","bookmark_label","bookmark_latitude","bookmark_longitude","bookmark_zoom","bookmark_window_end_date","bookmark_date_role","acquisition_timestamp","acquisition_cloud_cover","display_qc_verdict","display_visible_percent","display_high_signal_percent","display_p99_luma","display_qc_generated","display_qc_interpretation_limit","audit_date","source_commit"
"BH-DFSI","Burned Hillside Surface Context Score","wildfire","Wildfire & Post-Fire","fire-effects","Fire Effects & Recovery","primary","C1","Provisional; entry-level prior-art review pending","M3","2.0","Live catalog visualization","true","Live screening proxy","Calibrated debris-flow model f(ΔNBR, slope, flow accumulation, soil, rainfall intensity and duration)","max(0, 0.15 − NBR) × max(0, BSI + 0.1) × max(0, 0.35 − NDVI)","Sentinel-2 L2A","Single-scene live proxy; proposed model requires pre/post fire and rainfall windows","Per-pixel live proxy; proposed model requires terrain and flow-network context","Uncalibrated dimensionless screening score","The live layer combines low NBR, exposed-soil context, and low vegetation cover in one Sentinel-2 scene. It does not compute slope, rainfall, soil moisture, drainage, or debris-flow susceptibility.","Post-fire surface-context screening. Debris-flow or evacuation decisions require terrain, rainfall, soils, inventories, and held-out watershed evaluation.","Uncalibrated","Not independently evaluated (below V1)","Reviewed event context; not performance evidence","USGS Montecito debris-flow release (2018)","https://www.usgs.gov/data/debris-flow-inundation-and-damage-data-9-january-2018-montecito-debris-flow-event","Montecito corridor — post-flow peak debris signal","34.44","-119.63","13","2018-01-24","End of the Atlas WMS search window; not an acquisition timestamp","2018-01-22T18:54:21.026Z","0.00%","strong","29.482","22.298","0.6887","2026-07-21T17:54:06","Automated overlay visibility only; not accuracy, validation, target attribution, or acquisition-time confirmation","2026-07-25","60521236a911dc4687831050c04d307822c0f116"
"SF-EII","Canopy Moisture Deficit Calibration Specification","wildfire","Wildfire & Post-Fire","fuel-moisture","Fuel Moisture Context","retired","C1","Provisional; entry-level prior-art review pending","M1","2.0","Specified concept or retired formula","false","Rebuild required","FuelMask × clip[(NDMI_reference − NDMI_t) / scale_reference, 0, 1]","Legacy [(B8A−B11)/(B8A+B11)] × [1−(B08/B12)] retained in source history only","Sentinel-2 L2A | seasonal reference distribution | field LFMC for stronger inference","Seasonal anomaly","Declared workflow; not implemented in Atlas","Uncalibrated dimensionless screening score","The prior multiplicative expression has an unstable physical direction because 1−B08/B12 is commonly negative over vegetation. A seasonal NDMI deficit is the defensible starting feature; LFMC requires field calibration.","Defines a canopy-moisture calibration experiment rather than a pre-ignition hazard product.","Uncalibrated","Not independently evaluated (below V1)","Context location only","US Drought Monitor — California drought context","https://droughtmonitor.unl.edu/","Yosemite area — pre-fire fuel mapping","37.77","-119.57","11","2021-08-01","End of the Atlas WMS search window; not an acquisition timestamp","","","","","","","","Not applicable because the proposed workflow is not rendered","2026-07-25","60521236a911dc4687831050c04d307822c0f116"
"LFMPI","Live Fuel Moisture Deficit Proxy","wildfire","Wildfire & Post-Fire","fuel-moisture","Fuel Moisture Context","primary","C2","Provisional; entry-level prior-art review pending","M3","2.0","Live catalog visualization","true","Live screening proxy","Field-calibrated LFMC = f(Sentinel-2 moisture features, vegetation type, season)","FuelGate × WaterReject × (1 − NDMI) / 2","Sentinel-2","Single-scene","Per-pixel","Dimensionless moisture-deficit proxy","The live layer displays a normalized NDMI deficit over live vegetation after water rejection. It is not calibrated in percent LFMC.","Canopy-moisture context for selecting field-calibration targets.","Uncalibrated","Not independently evaluated (below V1)","Reviewed event context; not performance evidence","Drought.gov California-Nevada October 2021 drought update","https://www.drought.gov/drought-status-updates/drought-status-update-california-nevada-2021-10-15","Angeles NF chaparral — peak drought live-fuel risk","34.28","-118.02","11","2021-08-01","End of the Atlas WMS search window; not an acquisition timestamp","2021-08-01T18:29:21.024Z","0.09%","strong","57.112","57.112","0.7334","2026-07-21T17:54:06","Automated overlay visibility only; not accuracy, validation, target attribution, or acquisition-time confirmation","2026-07-25","60521236a911dc4687831050c04d307822c0f116"
"PSHRI","Post-Fire Soil Hydrophobicity Risk Index","wildfire","Wildfire & Post-Fire","fire-effects","Fire Effects & Recovery","research-model","C1","Provisional; entry-level prior-art review pending","M1","2.0","Specified concept or retired formula","false","Formula specified; not implemented in Atlas","NDWI_post_rain − NDWI_pre_rain (in ERA5-confirmed precipitation window)","","S2+ERA5","Declared workflow; not implemented in Atlas","Declared workflow; not implemented in Atlas","Uncalibrated dimensionless screening score","Normal soil wets after rain → NDWI rises. Hydrophobic burned soil repels water → NDWI unchanged despite rainfall.","Identifies slopes where rain will not absorb, flagging runoff and debris-flow risk.","Uncalibrated","Not independently evaluated (below V1)","Context location only","","","Paradise CA — Camp Fire burn scar","39.76","-121.62","12","2019-01-15","End of the Atlas WMS search window; not an acquisition timestamp","","","","","","","","Not applicable because the proposed workflow is not rendered","2026-07-25","60521236a911dc4687831050c04d307822c0f116"
"BSMTI","Burn Severity Mineralogy Transition Index","wildfire","Wildfire & Post-Fire","fire-effects","Fire Effects & Recovery","research-model","C1","Provisional; entry-level prior-art review pending","M1","2.0","Specified concept or retired formula","false","Formula specified; not implemented in Atlas","depth(535nm) / depth(486nm)","","EMIT","Declared workflow; not implemented in Atlas","Declared workflow; not implemented in Atlas","Uncalibrated dimensionless screening score","Goethite→magnetite→hematite transition encodes fire temperature history. Requires EMIT 5 nm spectral resolution.","Maps fire temperature gradients in burn scars — links to revegetation prognosis.","Uncalibrated","Not independently evaluated (below V1)","Context location only","","","Dixie Fire scar — EMIT context","40","-121.4","11","2021-09-15","End of the Atlas WMS search window; not an acquisition timestamp","","","","","","","","Not applicable because the proposed workflow is not rendered","2026-07-25","60521236a911dc4687831050c04d307822c0f116"
"SACI","UV Absorbing Aerosol Context","wildfire","Wildfire & Post-Fire","fire-atmosphere","Smoke & Extreme Fire Behavior","reference","C1","Provisional; entry-level prior-art review pending","M3","2.0","Live catalog visualization","true","Live screening proxy","Aerosol-composition classifier f(UVAI, AOD, absorption AOD, Ångström exponent, plume height, meteorology)","clip(AER_AI_340_380 / 3.5, 0, 1)","TROPOMI","Single-scene","Per-pixel","Scaled native UV aerosol-index value","The live layer displays the TROPOMI 340/380 nm UV Absorbing Aerosol Index. It does not calculate AOD340/AOD550 or distinguish smoldering from flaming combustion.","Documents absorbing-aerosol plume context; composition and fire-type inference require additional aerosol products and labels.","Uncalibrated","Not independently evaluated (below V1)","Reviewed event context; not performance evidence","NOAA GML long-range smoke from Bootleg and Dixie fires","https://gml.noaa.gov/aero/net/bld/2021_fires.html","Bootleg Fire OR — dense smoke aerosol plume","42.38","-121.12","6","2021-08-11","End of the Atlas WMS search window; not an acquisition timestamp","","","strong","58.514","58.514","0.5349","2026-07-21T17:54:06","Automated overlay visibility only; not accuracy, validation, target attribution, or acquisition-time confirmation","2026-07-25","60521236a911dc4687831050c04d307822c0f116"
"PCSII","Pyroconvection Detection Index","wildfire","Wildfire & Post-Fire","fire-atmosphere","Smoke & Extreme Fire Behavior","research-model","C1","Provisional; entry-level prior-art review pending","M1","2.0","Specified concept or retired formula","false","Formula specified; not implemented in Atlas","(BT_3.7µm − BT_11µm > 0) AND (AOD_TROPOMI > 1.0)","","GOES+TROPOMI","Declared workflow; not implemented in Atlas","Declared workflow; not implemented in Atlas","Uncalibrated dimensionless screening score","Pyrocumulus tops show reversed brightness temperature at 3.7µm + extreme AOD loading.","Real-time extreme fire behavior alert — pyroconvection creates erratic spotting kilometers ahead.","Uncalibrated","Not independently evaluated (below V1)","Context location only","","","West Coast fire complex OR/CA","42","-122","9","2020-09-10","End of the Atlas WMS search window; not an acquisition timestamp","","","","","","","","Not applicable because the proposed workflow is not rendered","2026-07-25","60521236a911dc4687831050c04d307822c0f116"
"PETI","Phytoplankton Bloom Context Proxy","waterquality","Water Quality & Freshwater","aquatic-blooms","Aquatic Blooms & Pigments","primary","C2","Provisional; entry-level prior-art review pending","M3","2.0","Live catalog visualization","true","Live screening proxy","Field-calibrated bloom model with temporal persistence and toxin assays","WaterGate × max[0, NDCI × RedEdgeContrast × 8]","Sentinel-2","Single-scene","Per-pixel","Uncalibrated dimensionless screening score","The live formula combines red/red-edge contrasts over water. Sentinel-2 has no 620 nm phycocyanin band, and this output does not establish cyanobacterial toxicity.","Bloom-context screening for field sampling, not toxin or drinking-water safety determination.","Uncalibrated","Not independently evaluated (below V1)","Reviewed event context; not performance evidence","NOAA NCCOS Lake Erie HAB 2019 retrospective","https://coastalscience.noaa.gov/news/lake-erie-hab-2019-retrospective-bloom-severity-was-7-3-as-predicted-by-the-seasonal-forecast/","Lake Erie — western algae bloom","41.66","-83.19","10","2019-08-01","End of the Atlas WMS search window; not an acquisition timestamp","2019-08-01T16:28:39.024Z","0.00%","strong","100","3.867","0.7049","2026-07-21T17:54:06","Automated overlay visibility only; not accuracy, validation, target attribution, or acquisition-time confirmation","2026-07-25","60521236a911dc4687831050c04d307822c0f116"
"CSRC","Surface Scum Context Composite","waterquality","Water Quality & Freshwater","aquatic-blooms","Aquatic Blooms & Pigments","variant","C2","Provisional; entry-level prior-art review pending","M3","2.0","Live catalog visualization","true","Live screening proxy","Temporal surface-scum model with repeated clear observations and toxin assays","WaterGate × max(0, NDCI + NIRScumBoost) × (1 − TurbidityReject)","Sentinel-2","Single-scene","Per-pixel","Uncalibrated dimensionless screening score","The live formula combines a red-edge bloom feature, elevated NIR, and a turbidity rejection term. It does not calculate persistence or cyanotoxin risk.","Locates surface-scum-like optical conditions for review and sampling.","Uncalibrated","Not independently evaluated (below V1)","Reviewed event context; not performance evidence","NASA Earthdata: Cleaner Water from Space (Lake Taihu HAB monitoring)","https://www.earthdata.nasa.gov/news/feature-articles/cleaner-water-from-space","Lake Taihu China — bloom peak","31.22","120.22","10","2020-08-01","End of the Atlas WMS search window; not an acquisition timestamp","","","strong","100","5.073","0.7142","2026-07-21T17:54:06","Automated overlay visibility only; not accuracy, validation, target attribution, or acquisition-time confirmation","2026-07-25","60521236a911dc4687831050c04d307822c0f116"
"SWRI","Sewage-Water Release Index","waterquality","Water Quality & Freshwater","water-condition-plumes","Water Condition & Plumes","research-model","C2","Provisional; entry-level prior-art review pending","M2","2.0","Non-live executable formula","false","Executable but non-live","turbidity_shock × organic_bloom_proxy × persistence","","Sentinel-2 context; proof target pending","Declared workflow; not implemented in Atlas","Declared workflow; not implemented in Atlas","Uncalibrated dimensionless screening score","Sewage effluent combines turbidity spike (suspended solids), organic bloom signal (elevated NDCI), and distinctive green-to-blue ratio from nutrient loading.","Early warning for municipal wastewater failures — actionable within hours of Sentinel-2 overpass.","Uncalibrated","Not independently evaluated (below V1)","Context location only","NOAA Florida HAB Event Tracker (2018)","https://www.climate.gov/news-features/event-tracker/harmful-algal-blooms-linger-parts-southern-florida-july-and-august-2018","Chesapeake Bay — nutrient plume","39.05","-76.26","10","2021-08-14","End of the Atlas WMS search window; not an acquisition timestamp","","","","","","","","Not applicable because the proposed workflow is not rendered","2026-07-25","60521236a911dc4687831050c04d307822c0f116"
"DWCI","Drinking Water Catchment Injury Index","waterquality","Water Quality & Freshwater","water-condition-plumes","Water Condition & Plumes","research-model","C1","Provisional; entry-level prior-art review pending","M2","2.0","Non-live executable formula","false","Executable but non-live","turbidity_anomaly × upstream_flow_weight × persistence","","Sentinel-2 context; proof target pending","Declared workflow; not implemented in Atlas","Declared workflow; not implemented in Atlas","Uncalibrated dimensionless screening score","Turbidity in upstream catchment zones propagates to water treatment intake points; early detection at source reduces treatment cost and protects public supply.","Early warning for water treatment facilities — detects turbidity events before they reach intakes.","Uncalibrated","Not independently evaluated (below V1)","Context location only","California Water Boards Camp Fire Report (2018)","https://www.waterboards.ca.gov/drinking_water/certlic/drinkingwater/CampFire.html","Sacramento-San Joaquin Delta CA","37.87","-121.63","11","2021-04-15","End of the Atlas WMS search window; not an acquisition timestamp","","","","","","","","Not applicable because the proposed workflow is not rendered","2026-07-25","60521236a911dc4687831050c04d307822c0f116"
"RRFI","Riparian Dry-Bare Context Composite","waterquality","Water Quality & Freshwater","riparian-flood","Riparian & Floodplain Condition","variant","C1","Provisional; entry-level prior-art review pending","M3","2.0","Live catalog visualization","true","Live screening proxy","ΔNDVI_riparian × ΔNDWI_channel × ΔBSI_bank with mapped riparian and channel zones","max(0, 0.3−NDVI) × max(0, −NDWI) × max(0, BSI) × 40","Sentinel-2","Single-scene","Per-pixel","Uncalibrated dimensionless screening score","The live layer is a single-scene dry, sparsely vegetated, bare-surface feature. It does not measure riparian loss or channel decline without a baseline and spatial masks.","Surfaces candidate dry/bare riparian context for time-series analysis.","Uncalibrated","Not independently evaluated (below V1)","Reviewed event context; not performance evidence","USGS Upper Rio Grande streamflow and climate response study","https://pubs.usgs.gov/publication/sir20215138","Rio Grande riparian corridor NM","35.69","-105.95","11","2021-05-18","End of the Atlas WMS search window; not an acquisition timestamp","","","strong","63.152","2.183","0.4354","2026-07-21T17:54:06","Automated overlay visibility only; not accuracy, validation, target attribution, or acquisition-time confirmation","2026-07-25","60521236a911dc4687831050c04d307822c0f116"
"EPDI","Bare-Surface and Water-Turbidity Context","waterquality","Water Quality & Freshwater","water-condition-plumes","Water Condition & Plumes","primary","C1","Provisional; entry-level prior-art review pending","M3","2.0","Live catalog visualization","true","Live screening proxy","ΔBSI_upslope × TurbidityAnomaly_downstream × Persistence with flow-network linkage","0.5 × BareSurfaceHeuristic + 3 × TurbidityContrast × WaterGate","Sentinel-2","Single-scene","Per-pixel","Uncalibrated dimensionless screening score","The live formula adds same-pixel bare-surface and water-turbidity features. It does not compute upslope/downstream linkage, change, or persistence.","Context layer for designing an erosion-delivery time-series study.","Uncalibrated","Not independently evaluated (below V1)","Reviewed event context; not performance evidence","California DWR Pajaro River levee break response (2023)","https://water.ca.gov/News/Blog/2023/Mar-23/DWR-Supports-Flood-Fight-Efforts-at-Pajaro-River-Levee-Break","Pajaro River CA — levee-breach sediment pulse","36.9","-121.75","11","2023-03-17","End of the Atlas WMS search window; not an acquisition timestamp","2023-03-15T18:51:39.024Z","6.90%","strong","4.683","3.016","0.7116","2026-07-21T17:54:06","Automated overlay visibility only; not accuracy, validation, target attribution, or acquisition-time confirmation","2026-07-25","60521236a911dc4687831050c04d307822c0f116"
"RDOCI","CDOM Spectral-Slope Research Specification","waterquality","Water Quality & Freshwater","water-condition-plumes","Water Condition & Plumes","research-model","C1","Provisional; entry-level prior-art review pending","M1","2.0","Specified concept or retired formula","false","Retrieval workflow required","DOC_estimate = f[aCDOM, spectral slope, optical water type] calibrated to field DOC","","PACE OCI water-leaving reflectance | atmospheric correction | in-water absorption | field DOC/CDOM","Declared workflow; not implemented in Atlas","Declared workflow; not implemented in Atlas","Spectral slope: inverse wavelength; DOC units depend on calibration","CDOM spectral slope is defined from absorption after atmospheric and aquatic retrieval, not directly from raw 320/412 nm reflectance. DOC inference requires field calibration and water-type controls.","Specifies the measurements needed to test a PACE-enabled DOC/CDOM relationship.","Uncalibrated","Not independently evaluated (below V1)","Context location only","","","Amazon River plume — DOC export","-0.5","-49.5","9","2021-03-15","End of the Atlas WMS search window; not an acquisition timestamp","","","","","","","","Not applicable because the proposed workflow is not rendered","2026-07-25","60521236a911dc4687831050c04d307822c0f116"
"CTPSTI","Phytoplankton Pigment Contrast Feature","waterquality","Water Quality & Freshwater","aquatic-blooms","Aquatic Blooms & Pigments","component","C1","Provisional; entry-level prior-art review pending","M1","2.0","Specified concept or retired formula","false","Formula specified; not implemented in Atlas","[ρ(560nm) − ρ(620nm)] / [ρ(560nm) + ρ(620nm)]","","PACE / DESIS","Declared workflow; not implemented in Atlas","Declared workflow; not implemented in Atlas","Uncalibrated dimensionless screening score","The contrast may respond to pigment composition after aquatic atmospheric correction. It cannot determine species, toxin genes, or toxin concentration.","Candidate pigment-balance feature for studies with taxonomy and toxin assays.","Uncalibrated","Not independently evaluated (below V1)","Context location only","","","Lake Winnipeg — blue-green bloom","50.18","-98","10","2021-08-15","End of the Atlas WMS search window; not an acquisition timestamp","","","","","","","","Not applicable because the proposed workflow is not rendered","2026-07-25","60521236a911dc4687831050c04d307822c0f116"
"DTPSI","Dam Thermal Plume Stratification Index","waterquality","Water Quality & Freshwater","water-condition-plumes","Water Condition & Plumes","research-model","C1","Provisional; entry-level prior-art review pending","M1","2.0","Specified concept or retired formula","false","Formula specified; not implemented in Atlas","(LST_downstream_1km − LST_reservoir) / (LST_upstream − LST_reservoir)","","Landsat TIRS","Declared workflow; not implemented in Atlas","Declared workflow; not implemented in Atlas","Uncalibrated dimensionless screening score","<0 = cold hypolimnetic release; >0 = warm surface release. Thermal stratification controls dissolved oxygen and fish habitat quality downstream.","Dam operations optimization for cold-water fisheries and downstream aquatic habitat.","Uncalibrated","Not independently evaluated (below V1)","Context location only","","","Lake Powell — thermal stratification","37.07","-111.31","11","2021-07-15","End of the Atlas WMS search window; not an acquisition timestamp","","","","","","","","Not applicable because the proposed workflow is not rendered","2026-07-25","60521236a911dc4687831050c04d307822c0f116"
"GMCPI","Glacial Meltwater Chemistry Proxy Index","waterquality","Water Quality & Freshwater","water-condition-plumes","Water Condition & Plumes","research-model","C1","Provisional; entry-level prior-art review pending","M2","2.0","Non-live executable formula","false","Executable but non-live","CDOM ratio × turbidity proxy in glacier outflow plumes","","Sentinel-2 + PACE","Declared workflow; not implemented in Atlas","Declared workflow; not implemented in Atlas","Uncalibrated dimensionless screening score","Meltwater carries distinct glacial flour turbidity (B04/B03 ratio) and low CDOM (high B03/B04 vs. downstream). Combines visible turbidity with spectral signature of rock flour.","Tracks glacial meltwater contribution to freshwater chemistry — crucial for downstream communities.","Uncalibrated","Not independently evaluated (below V1)","Context location only","USGS / NPS Glacier Monitoring Program","https://www.nps.gov/kefj/index.htm","Kenai Fjords AK — glacial outflow","60.47","-149.83","11","2021-08-01","End of the Atlas WMS search window; not an acquisition timestamp","","","","","","","","Not applicable because the proposed workflow is not rendered","2026-07-25","60521236a911dc4687831050c04d307822c0f116"
"FCLI","Floodplain SWIR-Vegetation Context","waterquality","Water Quality & Freshwater","riparian-flood","Riparian & Floodplain Condition","primary","C1","Provisional; entry-level prior-art review pending","M3","2.0","Live catalog visualization","true","Live screening proxy","SWIR2 anomaly after inundation × next-season vegetation suppression","max(0, B12−0.18) × max(0, 0.4−NDVI) × 8","Sentinel-2","Single-scene","Per-pixel","Uncalibrated dimensionless screening score","The live layer is a single-scene SWIR2 and low-vegetation feature. It does not compute an anomaly, flood history, contamination, or next-season response.","Identifies candidate floodplain surface context for a longitudinal contamination study.","Uncalibrated","Not independently evaluated (below V1)","Reviewed event context; not performance evidence","EPA Harvey Response / USGS Sediment Studies","https://www.epa.gov/archive/epa/newsreleases/status-water-systems-areas-affected-harvey.html","Houston Addicks Reservoir TX — post-Harvey","29.77","-95.64","12","2018-10-15","End of the Atlas WMS search window; not an acquisition timestamp","","","strong","29.148","22.715","0.7165","2026-07-21T17:54:06","Automated overlay visibility only; not accuracy, validation, target attribution, or acquisition-time confirmation","2026-07-25","60521236a911dc4687831050c04d307822c0f116"
"HABSDI","HAB Species-Level Discrimination Index","marine","Marine & Coastal","aquatic-blooms","Aquatic Blooms & Pigments","research-model","C1","Provisional; entry-level prior-art review pending","M1","2.0","Specified concept or retired formula","false","Formula specified; not implemented in Atlas","PC_index − FX_index (cyano) | FX_index − PC_index (diatom)","","PACE / DESIS","Declared workflow; not implemented in Atlas","Declared workflow; not implemented in Atlas","Uncalibrated dimensionless screening score","Cyanobacteria → phycocyanin (620 nm). Diatoms → fucoxanthin (510–540 nm). PACE OCI 5 nm bands resolve both pigment packages simultaneously.","Transforms HAB monitoring from presence/absence to toxin-risk species assessment.","Uncalibrated","Not independently evaluated (below V1)","Context location only","","","Chesapeake Bay — HAB context","38.3","-76.4","10","2021-07-15","End of the Atlas WMS search window; not an acquisition timestamp","","","","","","","","Not applicable because the proposed workflow is not rendered","2026-07-25","60521236a911dc4687831050c04d307822c0f116"
"SMPDI","Floating-Material Spectral Contrast","marine","Marine & Coastal","floating-material","Floating & Surface Material","primary","C1","Provisional; entry-level prior-art review pending","M3","2.0","Live catalog visualization","true","Live screening proxy","Polymer-versus-biomass discrimination using imaging spectroscopy (e.g. EMIT) with labeled floating-material references","WaterGate × LandReject × [FAI_B12baseline − ((B8A−B11)/(B8A+B11))]","Sentinel-2 L2A","Single-scene","Per-pixel","Uncalibrated dimensionless screening score","The live feature combines a floating-algae-style baseline residual with NIR/SWIR contrast and water/land gates. The baseline is interpolated B04→B12 rather than the B04→B11 pairing used in common Sentinel-2 FAI implementations, so it is an FAI variant and not the canonical index. Sargassum-versus-plastic discrimination has not been independently evaluated, and the live layer uses no EMIT data.","Candidate feature for labeled floating-material classification against established FDI baselines (Biermann et al., 2020).","Uncalibrated","Not independently evaluated (below V1)","Reviewed event context; not performance evidence","USF Sargassum Watch System Caribbean bulletins","https://optics.marine.usf.edu/projects/saws.html","Caribbean — water-gated Sargassum belt","18","-65","12","2022-07-02","End of the Atlas WMS search window; not an acquisition timestamp","","","strong","3.602","2.396","0.7955","2026-07-21T17:54:06","Automated overlay visibility only; not accuracy, validation, target attribution, or acquisition-time confirmation","2026-07-25","60521236a911dc4687831050c04d307822c0f116"
"CBSDI","Coral Brightness Context Proxy","marine","Marine & Coastal","coastal-habitats","Coastal Habitat Condition","primary","C1","Provisional; entry-level prior-art review pending","M3","2.0","Live catalog visualization","true","Live screening proxy","Multi-date, depth-corrected benthic change model with field coral-condition labels","I[(B03−B04)/(B03+B04) < 0.05 and B02 > 0.06] × (0.5 + 3B02)","Sentinel-2 + PRISMA","Single-scene","Per-pixel","Uncalibrated dimensionless screening score","The live code implements one brightness/green-red condition only. It does not implement the advertised three stages or determine bleaching, mortality, or algal colonization.","Single-scene shallow-water brightness context for selecting field-reviewed change targets.","Uncalibrated","Not independently evaluated (below V1)","Reviewed event context; not performance evidence","Mongabay report on the 2020 Great Barrier Reef bleaching event","https://news.mongabay.com/2020/04/great-barrier-reef-suffers-biggest-bleaching-event-yet/","Great Barrier Reef — bleaching event","-18.29","147.7","11","2020-03-15","End of the Atlas WMS search window; not an acquisition timestamp","","","strong","100","3.112","0.685","2026-07-21T17:54:06","Automated overlay visibility only; not accuracy, validation, target attribution, or acquisition-time confirmation","2026-07-25","60521236a911dc4687831050c04d307822c0f116"
"KCDSI","Floating or Shallow-Water Vegetation Context","marine","Marine & Coastal","floating-material","Floating & Surface Material","variant","C2","Provisional; entry-level prior-art review pending","M3","2.0","Live catalog visualization","true","Live screening proxy","Depth-corrected multi-date kelp-canopy condition model","max(0, NDVI) × I[B11<0.04 and B03<0.16]","Sentinel-2 + S3","Single-scene","Per-pixel","Uncalibrated dimensionless screening score","The live layer displays positive NDVI under a simple low-SWIR water-context gate. It does not correct bathymetry or measure kelp stress.","Candidate floating/shallow vegetation context for labeled kelp mapping.","Uncalibrated","Not independently evaluated (below V1)","Reviewed event context; not performance evidence","Monterey Bay National Marine Sanctuary Kelp Studies","https://montereybay.noaa.gov/","Monterey Bay CA — kelp canopy","36.89","-121.87","10","2021-12-30","End of the Atlas WMS search window; not an acquisition timestamp","","","strong","5.413","4.96","0.7955","2026-07-21T17:54:06","Automated overlay visibility only; not accuracy, validation, target attribution, or acquisition-time confirmation","2026-07-25","60521236a911dc4687831050c04d307822c0f116"
"OWSI","Oil-Related Surface Contrast Proxy","marine","Marine & Coastal","floating-material","Floating & Surface Material","variant","C2","Provisional; entry-level prior-art review pending","M3","2.0","Live catalog visualization","true","Live screening proxy","Weathering-stage classification from imaging spectroscopy (e.g. EMIT) with sampled oil-age references","max(0, (B02−B12)/(B02+B12)) × max(0, B11/B12 − 0.8) × 2","Sentinel-2 L2A","Single-scene","Per-pixel","Uncalibrated dimensionless screening score","The live layer is a blue/SWIR2 contrast scaled by a SWIR1:SWIR2 ratio. ""NDOI"" is a legacy broad-band contrast name, not a hydrocarbon retrieval, and the ratio term is not a calibrated weathering clock. The live layer uses no EMIT data.","Surface-contrast context over water for selecting oil-incident scenes for review; it does not establish oil presence, thickness, or age.","Uncalibrated","Not independently evaluated (below V1)","Reviewed event context; not performance evidence","NOAA Deepwater Horizon oil spill case study","https://response.restoration.noaa.gov/deepwater-horizon-oil-spill-case-study","Gulf of Mexico — oil slick weathering context","28.7","-88.4","11","2016-05-15","End of the Atlas WMS search window; not an acquisition timestamp","","","strong","99.923","96.478","0.7193","2026-07-21T17:54:06","Automated overlay visibility only; not accuracy, validation, target attribution, or acquisition-time confirmation","2026-07-25","60521236a911dc4687831050c04d307822c0f116"
"MDSPI","Mangrove Dieback Spatial Pattern Index","marine","Marine & Coastal","coastal-habitats","Coastal Habitat Condition","research-model","C1","Provisional; entry-level prior-art review pending","M2","2.0","Non-live executable formula","false","Executable but non-live","NDVI_loss in mangrove zone × BSI_increase","","Sentinel-2 + S1; proof target pending","Declared workflow; not implemented in Atlas","Declared workflow; not implemented in Atlas","Uncalibrated dimensionless screening score","Mangrove dieback creates characteristic spatial NDVI loss patterns (canopy collapse) combined with exposed substrate (elevated BSI) — distinguishing it from seasonal leaf drop.","Alerts coastal managers to accelerating mangrove dieback — protecting storm surge buffers.","Uncalibrated","Not independently evaluated (below V1)","Context location only","Sundarbans Forestry Department / UNESCO","https://whc.unesco.org/en/list/798/","Sundarbans — mangrove dieback monitoring","21.98","89.18","11","2021-12-01","End of the Atlas WMS search window; not an acquisition timestamp","","","","","","","","Not applicable because the proposed workflow is not rendered","2026-07-25","60521236a911dc4687831050c04d307822c0f116"
"SGDCI","Submarine Groundwater Discharge Chemistry Index","marine","Marine & Coastal","water-condition-plumes","Water Condition & Plumes","research-model","C1","Provisional; entry-level prior-art review pending","M1","2.0","Specified concept or retired formula","false","Formula specified; not implemented in Atlas","(ρ_412 / ρ_550) − CDOM_regional_mean within thermal anomaly mask","","PACE + ECOSTRESS","Declared workflow; not implemented in Atlas","Declared workflow; not implemented in Atlas","Uncalibrated dimensionless screening score","SGD creates localized CDOM-depleted (low UV/blue absorption) zones combined with thermal anomalies at seafloor seep points. Requires PACE UV channels.","Maps submarine freshwater discharge — a cryptic but critical coastal nutrient source.","Uncalibrated","Not independently evaluated (below V1)","Context location only","","","Yucatan coast — SGD context","21","-87.5","10","2021-08-01","End of the Atlas WMS search window; not an acquisition timestamp","","","","","","","","Not applicable because the proposed workflow is not rendered","2026-07-25","60521236a911dc4687831050c04d307822c0f116"
"SPEI","Seagrass Photosynthetic Efficiency Index","marine","Marine & Coastal","coastal-habitats","Coastal Habitat Condition","research-model","C2","Provisional; entry-level prior-art review pending","M2","2.0","Non-live executable formula","false","Executable but non-live","Water-depth corrected NDVI in shallow coastal bathymetry window","","Sentinel-2 + DESIS","Declared workflow; not implemented in Atlas","Declared workflow; not implemented in Atlas","Uncalibrated dimensionless screening score","Seagrass has distinct NIR-red reflectance ratio in clear shallow water. Depth correction using Lyzenga water column model reduces false positives from benthic sediment.","Monitors critical blue-carbon seagrass meadows — CO₂ sequestration baseline for coastal carbon accounting.","Uncalibrated","Not independently evaluated (below V1)","Context location only","Lyzenga (1978) / Adriatic Seagrass Monitoring","https://doi.org/10.1016/0034-4257(78)90029-7","Adriatic coast — seagrass meadow","43.52","16.45","11","2021-08-01","End of the Atlas WMS search window; not an acquisition timestamp","","","","","","","","Not applicable because the proposed workflow is not rendered","2026-07-25","60521236a911dc4687831050c04d307822c0f116"
"CD-UAI","Coastal Water Turbidity Context","marine","Marine & Coastal","water-condition-plumes","Water Condition & Plumes","variant","C1","Provisional; entry-level prior-art review pending","M3","2.0","Live catalog visualization","true","Live screening proxy","Turbidity anomaly with cloud mask, plume morphology, source context, and multi-date persistence","max(0, RedGreenContrast + 0.05) × WaterGate × 6","Sentinel-2","Single-scene","Per-pixel","Uncalibrated dimensionless screening score","The live formula is a red/green water-contrast feature. It does not contain an explicit cloud mask or establish dredging as the cause.","Highlights turbid coastal-water context for source and time-series review.","Uncalibrated","Not independently evaluated (below V1)","Reviewed event context; not performance evidence","Scientific Reports study on anthropogenic change in Pearl River Estuary sediment dynamics","https://www.nature.com/articles/s41598-021-96183-0","Pearl River estuary — silt plume","22.37","113.69","10","2021-04-01","End of the Atlas WMS search window; not an acquisition timestamp","","","strong","17.129","12.929","0.7171","2026-07-21T17:54:06","Automated overlay visibility only; not accuracy, validation, target attribution, or acquisition-time confirmation","2026-07-25","60521236a911dc4687831050c04d307822c0f116"
"MP-PDI","Floating-Debris Candidate Feature","marine","Marine & Coastal","floating-material","Floating & Surface Material","variant","C1","Provisional; entry-level prior-art review pending","M3","2.0","Live catalog visualization","true","Live screening proxy","Labeled floating-material classifier with explicit natural-debris, foam, Sargassum, cloud, glint, and turbidity controls","max(0, FAI) × NonVegetationGate × LowTurbidityGate × 10","Sentinel-2","Single-scene","Per-pixel","Uncalibrated dimensionless screening score","The live formula does not implement explicit foam or Sargassum terms and cannot identify polymer composition from Sentinel-2 alone.","Candidate floating-debris feature for comparison with FDI-based classification.","Uncalibrated","Not independently evaluated (below V1)","Reviewed event context; not performance evidence","UNEP X-Press Pearl maritime disaster report","https://www.unep.org/resources/report/x-press-pearl-maritime-disaster-sri-lanka-report-un-environmental-advisory-mission","Sri Lanka west coast — X-Press Pearl plastic pellet spill","7","79.55","10","2021-06-02","End of the Atlas WMS search window; not an acquisition timestamp","","","strong","85.333","2.127","0.724","2026-07-21T17:54:06","Automated overlay visibility only; not accuracy, validation, target attribution, or acquisition-time confirmation","2026-07-25","60521236a911dc4687831050c04d307822c0f116"
"NPDefI","Red-Edge and SWIR Crop Contrast Proxy","agriculture","Agriculture & Food","crop-stress","Crop & Soil Stress","primary","C1","Provisional; entry-level prior-art review pending","M3","2.0","Live catalog visualization","true","Live screening proxy","Nitrogen-versus-phosphorus discrimination calibrated to measured tissue nutrient concentrations, with crop, cultivar, phenology, and soil-background strata","I[NDVI>0.2] × clip({[(B04−B05)/(B04+B05)] − [(B12−B11)/(B12+B11)]} + 0.5, 0, 1)","Sentinel-2 L2A","Single-scene","Per-pixel","Uncalibrated dimensionless screening score","The live layer differences a red/red-edge contrast against a SWIR2/SWIR1 contrast over vegetated pixels. The red-edge term responds to chlorophyll status, but the SWIR term tracks canopy water and dry-matter (cellulose/lignin) absorption — it is not an anthocyanin signal, because anthocyanins absorb near 500–550 nm and have no SWIR2 feature. The separation of nitrogen from phosphorus limitation is therefore hypothesized, not demonstrated, and the live layer uses no EnMAP data.","Candidate crop-stress contrast for experiments with measured nutrient data; it does not identify which nutrient is limiting.","Uncalibrated","Not independently evaluated (below V1)","Reviewed event context; not performance evidence","Iowa State nutrient deficiencies guide","https://www.agronext.iastate.edu/soilfertility/nutrientdeficiencies.html","Iowa cornfields — nutrient mapping","41.59","-93.62","11","2021-07-01","End of the Atlas WMS search window; not an acquisition timestamp","","","strong","82.485","82.317","0.6155","2026-07-21T17:54:06","Automated overlay visibility only; not accuracy, validation, target attribution, or acquisition-time confirmation","2026-07-25","60521236a911dc4687831050c04d307822c0f116"
"SCSPI","Soil Compaction Spectral Proxy Index","agriculture","Agriculture & Food","crop-stress","Crop & Soil Stress","research-model","C1","Provisional; entry-level prior-art review pending","M2","2.0","Non-live executable formula","false","Executable but non-live","[1−(B11/B12)] × (B03/B02)","","Sentinel-2 context; proof target pending","Declared workflow; not implemented in Atlas","Declared workflow; not implemented in Atlas","Uncalibrated dimensionless screening score","Compacted soils show distinctive SWIR ratio from reduced porosity and altered surface crust mineralogy. Applied during bare-field windows when vegetation is absent.","Identifies compaction zones in farm fields — guides subsoiling operations to restore yield.","Uncalibrated","Not independently evaluated (below V1)","Context location only","Kansas State Agricultural Extension Soil Studies","https://www.ksre.k-state.edu/","Kansas — bare wheat fields post-harvest","38.67","-98.33","11","2021-04-15","End of the Atlas WMS search window; not an acquisition timestamp","","","","","","","","Not applicable because the proposed workflow is not rendered","2026-07-25","60521236a911dc4687831050c04d307822c0f116"
"APRI","Aflatoxin Pre-Harvest Risk Index","agriculture","Agriculture & Food","crop-stress","Crop & Soil Stress","research-model","C1","Provisional; entry-level prior-art review pending","M1","2.0","Specified concept or retired formula","false","Formula specified; not implemented in Atlas","(LST_anomaly/σ) × [1−NDWI] × heat_accumulation_days","","ECOSTRESS + S2 + ERA5","Declared workflow; not implemented in Atlas","Declared workflow; not implemented in Atlas","Uncalibrated dimensionless screening score","Aspergillus infection risk peaks when heat stress + moisture deficit + heat accumulation coincide during flowering-to-grain-fill. LST anomaly from ECOSTRESS required.","Pre-harvest aflatoxin risk maps at field scale — estimated 25% reduction could prevent millions of cancer cases globally.","Uncalibrated","Not independently evaluated (below V1)","Context location only","","","West Africa — maize growing region","12","2","9","2021-04-01","End of the Atlas WMS search window; not an acquisition timestamp","","","","","","","","Not applicable because the proposed workflow is not rendered","2026-07-25","60521236a911dc4687831050c04d307822c0f116"
"PDSDI","Crop Red-Edge and Dryness Context","agriculture","Agriculture & Food","crop-stress","Crop & Soil Stress","variant","C1","Provisional; entry-level prior-art review pending","M3","2.0","Live catalog visualization","true","Live screening proxy","Spatial NDVI texture normalized by crop, phenology, moisture, and management baselines","max(0, 0.6−NDRE) × max(0, B11/B08−0.5) × 4","Sentinel-2","Single-scene","Per-pixel","Uncalibrated dimensionless screening score","The live layer contains no texture or spatial variance and cannot distinguish pesticide stress from drought, disease, nutrient limitation, or management.","Crop stress context for a labeled causal-discrimination study.","Uncalibrated","Not independently evaluated (below V1)","Reviewed event context; not performance evidence","University of Illinois Crop Sciences Research","https://cropsciences.illinois.edu/","Illinois — crop stress season","40.72","-90.22","11","2022-07-15","End of the Atlas WMS search window; not an acquisition timestamp","","","strong","20.064","3.592","0.6006","2026-07-21T17:54:06","Automated overlay visibility only; not accuracy, validation, target attribution, or acquisition-time confirmation","2026-07-25","60521236a911dc4687831050c04d307822c0f116"
"CCTTI","Cover Crop Termination Timing Index","agriculture","Agriculture & Food","agri-management","Agricultural Management","primary","C2","Provisional; entry-level prior-art review pending","M3","2.0","Live catalog visualization","true","Live screening proxy","NDVI_cover_green × (1−soil_tillage_signal)","NDVI_cover_green × (1−soil_tillage_signal)","Sentinel-2 time series","Single-scene","Per-pixel","Uncalibrated dimensionless screening score","Cover crops maintain distinctive NDVI signature before termination; rapid NDVI drop + BSI increase marks termination event. Timing optimizes nitrogen fixation vs. cash crop planting window.","Precision timing recommendations for cover crop termination — maximizes nitrogen credit to cash crops.","Uncalibrated","Not independently evaluated (below V1)","Reviewed event context; not performance evidence","Illinois Department of Agriculture I-COVER program","https://agr.illinois.gov/resources/landwater/i-cover.html","Illinois — spring cover crop green-up","40.63","-89.59","11","2022-04-01","End of the Atlas WMS search window; not an acquisition timestamp","","","strong","15.9","6.101","0.6105","2026-07-21T17:54:06","Automated overlay visibility only; not accuracy, validation, target attribution, or acquisition-time confirmation","2026-07-25","60521236a911dc4687831050c04d307822c0f116"
"IWUEI","Irrigation Water Use Efficiency Index","agriculture","Agriculture & Food","agri-management","Agricultural Management","research-model","C2","Provisional; entry-level prior-art review pending","M1","2.0","Specified concept or retired formula","false","Formula specified; not implemented in Atlas","ET_ecostress / (precipitation_ERA5 + irrigation_proxy_S1)","","ECOSTRESS + S1","Declared workflow; not implemented in Atlas","Declared workflow; not implemented in Atlas","Uncalibrated dimensionless screening score","High ET relative to precipitation confirms active irrigation; SAR soil moisture change detects recent wetting events. Ratio encodes how efficiently applied water converts to crop ET.","Identifies fields wasting irrigation water — direct targets for smart irrigation system installation.","Uncalibrated","Not independently evaluated (below V1)","Context location only","","","Central Valley CA — irrigation","36.72","-120.05","11","2021-07-01","End of the Atlas WMS search window; not an acquisition timestamp","","","","","","","","Not applicable because the proposed workflow is not rendered","2026-07-25","60521236a911dc4687831050c04d307822c0f116"
"WDA-CSI","Wetland-Agriculture Edge Context","agriculture","Agriculture & Food","riparian-flood","Riparian & Floodplain Condition","variant","C1","Provisional; entry-level prior-art review pending","M3","2.0","Live catalog visualization","true","Live screening proxy","Multi-date crop-green anomaly × wetland drainage change × mapped peat disturbance","max(0, NDCI) × max(0, −NDWI) × OrganicSurfaceHeuristic × 10","Sentinel-2","Single-scene","Per-pixel","Uncalibrated dimensionless screening score","The live formula is a single-scene optical conjunction. It does not measure drainage, NDWI loss, nitrogen addition, or agricultural intrusion.","Context for reviewing wetland edges before land-cover and hydrologic analysis.","Uncalibrated","Not independently evaluated (below V1)","Reviewed event context; not performance evidence","Everglades Foundation on Everglades Agricultural Area peat subsidence","https://www.evergladesfoundation.org/post/everglades-restoration-water-and-climate-change","Florida Everglades — agricultural edge","25.84","-80.66","10","2021-12-01","End of the Atlas WMS search window; not an acquisition timestamp","","","strong","12.215","8.739","0.7352","2026-07-21T17:54:06","Automated overlay visibility only; not accuracy, validation, target attribution, or acquisition-time confirmation","2026-07-25","60521236a911dc4687831050c04d307822c0f116"
"TRSI","Tailings River Shock Index","mining","Mining & Industrial","water-condition-plumes","Water Condition & Plumes","research-model","C2","Provisional; entry-level prior-art review pending","M2","2.0","Non-live executable formula","false","Executable but non-live","turbidity_jump × ferric_color_shift × mine_proximity × persistence","","Sentinel-2 context; proof target pending","Declared workflow; not implemented in Atlas","Declared workflow; not implemented in Atlas","Uncalibrated dimensionless screening score","Tailings releases create ferric iron turbidity plumes (red-orange discoloration in B04/B03 ratio) combined with extreme turbidity — a signature distinct from natural sediment loads.","Real-time tailings spill detection downstream of active mines — enables emergency response within days.","Uncalibrated","Not independently evaluated (below V1)","Context location only","UNEP Samarco disaster profile (2015)","https://www.unep.org/news-and-stories/story/brazil-mine-disaster","Samarco / Rio Doce runout","-20.2","-43.47","9","2015-11-15","End of the Atlas WMS search window; not an acquisition timestamp","","","","","","","","Not applicable because the proposed workflow is not rendered","2026-07-25","60521236a911dc4687831050c04d307822c0f116"
"TDR-ASI","Mining Iron-SWIR Context Proxy","mining","Mining & Industrial","mining-risk","Mining Surfaces & Risk","primary","C1","Provisional; entry-level prior-art review pending","M3","2.0","Live catalog visualization","true","Live screening proxy","Field-informed mineral/turbidity anomaly with mine, channel, and time-series context","max(0, RedBlueContrast−0.05) × max(0, B11/B12−1) × 3","Sentinel-2","Single-scene","Per-pixel","Uncalibrated dimensionless screening score","The live formula contains no mine-proximity term and cannot uniquely identify jarosite, sulfate, or a tailings release from Sentinel-2 ratios.","Mining-area iron/SWIR context for field-informed mineral analysis.","Uncalibrated","Not independently evaluated (below V1)","Reviewed event context; not performance evidence","NASA Earth Observatory: Mining Peru's Cerro de Pasco","https://science.nasa.gov/earth/earth-observatory/mining-perus-cerro-de-pasco-144481/","Cerro de Pasco Peru — mining tailings","-10.69","-76.26","11","2021-08-01","End of the Atlas WMS search window; not an acquisition timestamp","2021-07-24T15:17:09.024Z","0.00%","strong","56.926","11.451","0.5978","2026-07-21T17:54:06","Automated overlay visibility only; not accuracy, validation, target attribution, or acquisition-time confirmation","2026-07-25","60521236a911dc4687831050c04d307822c0f116"
"AMDPHI","AMD Iron-Mineral Calibration Specification","mining","Mining & Industrial","mining-risk","Mining Surfaces & Risk","retired","C1","Provisional; entry-level prior-art review pending","M1","2.0","Specified concept or retired formula","false","Rebuild required","pH_estimate = f(mineral features, field pH, water/soil context) with held-out sites","Legacy visible ratio-of-ratios retired from live display because its denominator is unstable near zero","surface reflectance | field pH | XRD/mineralogy | spectral library | held-out sites","Declared workflow; not implemented in Atlas","Declared workflow; not implemented in Atlas","Uncalibrated dimensionless screening score","Iron-mineral assemblages can be associated with acidity, but the prior ratio was numerically unstable and not a direct pH measurement.","Defines a mineral and field-chemistry calibration study; no current pH retrieval is claimed.","Uncalibrated","Not independently evaluated (below V1)","Context location only","USGS Iron Mountain environmental effects profile","https://ca.water.usgs.gov/projects/iron_mountain/environment.html","Iron Mountain Mine CA — acid drainage","40.66","-122.53","12","2021-09-01","End of the Atlas WMS search window; not an acquisition timestamp","","","","","","","","Not applicable because the proposed workflow is not rendered","2026-07-25","60521236a911dc4687831050c04d307822c0f116"
"TDSII","Tailings Change-Risk Calibration Model","mining","Mining & Industrial","mining-risk","Mining Surfaces & Risk","research-model","C1","Provisional; entry-level prior-art review pending","M1","2.0","Specified concept or retired formula","false","Calibrated model required","Coefficients fitted to documented incidents and stable control facilities","","S2 + S1 InSAR","Declared workflow; not implemented in Atlas","Declared workflow; not implemented in Atlas","Calibrated event probability or declared risk score","Optical indices and deformation rates have different units and cannot be added with arbitrary weights. Predictors require normalization, temporal alignment, labels, and learned coefficients.","Specifies a prospective multi-sensor risk experiment, not a deployed failure-warning system.","Uncalibrated","Not independently evaluated (below V1)","Context location only","","","Mount Polley BC — tailings dam context","52.67","-121.65","12","2021-08-01","End of the Atlas WMS search window; not an acquisition timestamp","","","","","","","","Not applicable because the proposed workflow is not rendered","2026-07-25","60521236a911dc4687831050c04d307822c0f116"
"REESAI","Rare Earth Element Surface Anomaly Index","mining","Mining & Industrial","mining-risk","Mining Surfaces & Risk","research-model","C1","Provisional; entry-level prior-art review pending","M1","2.0","Specified concept or retired formula","false","Formula specified; not implemented in Atlas","1−ρ(803nm)/[ρ(780nm)+interpolated_continuum]","","EnMAP + EMIT","Declared workflow; not implemented in Atlas","Declared workflow; not implemented in Atlas","Uncalibrated dimensionless screening score","Nd³⁺ f-f transition absorption at 803 nm in REE carbonate/phosphate minerals. Requires EnMAP 5–10 nm spectral resolution to resolve the 803 nm feature.","Transforms REE exploration from field-campaign to satellite-first screening.","Uncalibrated","Not independently evaluated (below V1)","Context location only","","","Bayan Obo Inner Mongolia — REE deposit","41.77","110.01","10","2021-08-01","End of the Atlas WMS search window; not an acquisition timestamp","","","","","","","","Not applicable because the proposed workflow is not rendered","2026-07-25","60521236a911dc4687831050c04d307822c0f116"
"CCRBI","Coal Combustion Residue Bioaccumulation Index","mining","Mining & Industrial","mining-risk","Mining Surfaces & Risk","research-model","C1","Provisional; entry-level prior-art review pending","M2","2.0","Non-live executable formula","false","Executable but non-live","[(B04−B08)/(B04+B08)] × [B03/(B11+0.01)]","","Sentinel-2 context; proof target pending","Declared workflow; not implemented in Atlas","Declared workflow; not implemented in Atlas","Uncalibrated dimensionless screening score","Grass over CCR impoundments accumulates As/Se causing anthocyanin stress response (elevated red). Harkness et al. 2025: ""grass is a tattletale"" — phytotoxic stress reveals buried coal ash.","Maps CCR impoundment footprints and leachate migration without drilling.","Uncalibrated","Not independently evaluated (below V1)","Context location only","TVA Kingston Fossil Plant Recovery / EPA Reports","https://www.epa.gov/tn/kingston-coal-ash-spill","Tennessee coal ash site — vegetation stress","35.79","-87.55","12","2021-09-01","End of the Atlas WMS search window; not an acquisition timestamp","","","","","","","","Not applicable because the proposed workflow is not rendered","2026-07-25","60521236a911dc4687831050c04d307822c0f116"
"HLPII","Heap Leach Pad Integrity Index","mining","Mining & Industrial","mining-risk","Mining Surfaces & Risk","research-model","C1","Provisional; entry-level prior-art review pending","M1","2.0","Specified concept or retired formula","false","Formula specified; not implemented in Atlas","SWIR2_anomaly in liner failure zone + EMIT mineral alteration downslope","","S2 + EMIT","Declared workflow; not implemented in Atlas","Declared workflow; not implemented in Atlas","Uncalibrated dimensionless screening score","Liner failure causes SWIR2 elevation from leachate-altered soil mineralogy. EMIT resolves the specific alteration mineral suite. S2 alone lacks the spectral resolution.","Monitors cyanide/acid leachate containment integrity at 1,000+ active heap leach operations.","Uncalibrated","Not independently evaluated (below V1)","Context location only","","","Nevada gold mining — heap leach context","40.8","-117.04","11","2021-09-01","End of the Atlas WMS search window; not an acquisition timestamp","","","","","","","","Not applicable because the proposed workflow is not rendered","2026-07-25","60521236a911dc4687831050c04d307822c0f116"
"IERPI","Industrial Effluent River Plume Index","mining","Mining & Industrial","water-condition-plumes","Water Condition & Plumes","research-model","C2","Provisional; entry-level prior-art review pending","M2","2.0","Non-live executable formula","false","Executable but non-live","turbidity × iron_color_shift × channel_mask","","Landsat-family/Sentinel-2 context","Declared workflow; not implemented in Atlas","Declared workflow; not implemented in Atlas","Uncalibrated dimensionless screening score","Industrial discharge creates turbidity and iron/chemical color shifts in river channels. Landsat captures with S2 spatial logic; S2 approximation works with same band equivalents.","Documents illegal industrial discharge events — enables enforcement action with satellite evidence.","Uncalibrated","Not independently evaluated (below V1)","Context location only","EPA Gold King Mine Response Action","https://www.epa.gov/goldkingmine","Animas River CO — Gold King Mine spill","37.27","-107.88","11","2015-09-01","End of the Atlas WMS search window; not an acquisition timestamp","","","","","","","","Not applicable because the proposed workflow is not rendered","2026-07-25","60521236a911dc4687831050c04d307822c0f116"
"EC-ACI","Urban Canopy-Loss & Dry-Surface Context Index","urban","Urban & Infrastructure","urban-surfaces","Urban Surface Condition","primary","C2","Provisional; entry-level prior-art review pending","M3","2.0","Live catalog visualization","true","Live screening proxy","LST-based heat-island model = f(ECOSTRESS/thermal LST, NDVI, surface moisture, urban morphology, time-of-day)","max(0, 0.4 − NDVI) × max(0, MSI − 0.8) × 3","Sentinel-2 L2A","Single-scene","Per-pixel","Uncalibrated dimensionless screening score","The live layer combines an NDVI deficit with a SWIR/NIR moisture-stress ratio (MSI = B11/B08) over Sentinel-2 optical bands only. It does not read ECOSTRESS or any thermal data, and the output is not a land-surface-temperature or heat-island-intensity measurement.","Screens neighborhoods for low-canopy, dry-surface context associated with urban heat exposure. Measuring heat-island intensity itself requires thermal/LST data this layer does not use.","Uncalibrated","Not independently evaluated (below V1)","Reviewed event context; not performance evidence","WMO July 2019 hottest-month analysis","https://wmo.int/media/july-matched-and-maybe-broke-record-hottest-month-analysis-began","Phoenix AZ metro — urban heat island","33.45","-112.07","11","2021-07-05","End of the Atlas WMS search window; not an acquisition timestamp","","","strong","40.603","29.362","0.7352","2026-07-21T17:54:06","Automated overlay visibility only; not accuracy, validation, target attribution, or acquisition-time confirmation","2026-07-25","60521236a911dc4687831050c04d307822c0f116"
"HSAI","Low-Vegetation Bare-Surface Context","urban","Urban & Infrastructure","urban-surfaces","Urban Surface Condition","component","C2","Provisional; entry-level prior-art review pending","M3","2.0","Live catalog visualization","true","Live screening proxy","Tree-canopy and shade-access model inside an explicit urban residential mask","max(0, 0.3−NDVI) × max(0, BSI+0.05) × 6","Sentinel-2","Single-scene","Per-pixel","Uncalibrated dimensionless screening score","The live formula contains no urban, residential, tree-crown, or shade mask. It is a generic low-vegetation/bare-surface feature.","Input feature for an urban shade-access model with canopy and population data.","Uncalibrated","Not independently evaluated (below V1)","Reviewed event context; not performance evidence","NASA VEDA Urban Heating dashboard","https://www.earthdata.nasa.gov/dashboard/data-catalog/urban-heating","Houston TX — urban heat vulnerability","29.76","-95.37","11","2021-08-01","End of the Atlas WMS search window; not an acquisition timestamp","","","strong","32.654","10.878","0.7343","2026-07-21T17:54:06","Automated overlay visibility only; not accuracy, validation, target attribution, or acquisition-time confirmation","2026-07-25","60521236a911dc4687831050c04d307822c0f116"
"SPSRI","Solar Panel Soiling Remote Index","urban","Urban & Infrastructure","urban-surfaces","Urban Surface Condition","research-model","C1","Provisional; entry-level prior-art review pending","M2","2.0","Non-live executable formula","false","Executable but non-live","(ρ_B02 − baseline_B02) / baseline_B02 × (B11/B12)","","Sentinel-2 + Planet","Declared workflow; not implemented in Atlas","Declared workflow; not implemented in Atlas","Uncalibrated dimensionless screening score","Clean PV panels have very low reflectance (~5%). Dust-coated panels show elevated reflectance. B11/B12 ratio encodes dust mineral type (silica vs. carbonate).","Optimizes cleaning crew deployment — global PV soiling loss exceeds $5B/year.","Uncalibrated","Not independently evaluated (below V1)","Context location only","NREL Solar Soiling Mitigation Studies","https://www.nrel.gov/pv/soiling.html","Saharan solar farm Algeria","30.96","2.48","11","2021-09-01","End of the Atlas WMS search window; not an acquisition timestamp","","","","","","","","Not applicable because the proposed workflow is not rendered","2026-07-25","60521236a911dc4687831050c04d307822c0f116"
"UCIEI","Urban Cool Infrastructure Effectiveness Index","urban","Urban & Infrastructure","urban-surfaces","Urban Surface Condition","research-model","C1","Provisional; entry-level prior-art review pending","M1","2.0","Specified concept or retired formula","false","Formula specified; not implemented in Atlas","(1−albedo_satellite) × LST_anomaly","","S2 + ECOSTRESS","Declared workflow; not implemented in Atlas","Declared workflow; not implemented in Atlas","Uncalibrated dimensionless screening score","High UCIEI = hot dark surface (old asphalt). Low UCIEI = effective cool infrastructure. Green roofs have low UCIEI despite low albedo because they convert absorbed energy to ET.","Parcel-level scorecard for cool infrastructure programs — enables evidence-based urban policy.","Uncalibrated","Not independently evaluated (below V1)","Context location only","","","Chicago IL — green roof district","41.88","-87.62","12","2021-08-15","End of the Atlas WMS search window; not an acquisition timestamp","","","","","","","","Not applicable because the proposed workflow is not rendered","2026-07-25","60521236a911dc4687831050c04d307822c0f116"
"PCADI","Dark Paved-Surface Context","urban","Urban & Infrastructure","urban-surfaces","Urban Surface Condition","component","C1","Provisional; entry-level prior-art review pending","M3","2.0","Live catalog visualization","true","Live screening proxy","RoadMask × (B02_t−B02_baseline)/B02_baseline with material and maintenance controls","I[B02,B03,B04<0.15 and NDVI<0.05] × (1−8×mean(B02,B03,B04))","Sentinel-2","Single-scene","Per-pixel","Uncalibrated dimensionless screening score","The live formula has neither a road mask nor a temporal baseline and therefore cannot retrieve pavement age or condition.","Dark, low-vegetation surface context for a road-condition change study.","Uncalibrated","Not independently evaluated (below V1)","Reviewed event context; not performance evidence","SEMCOG 2021 pavement condition dataset","https://hub.arcgis.com/maps/SEMCOG%3A%3Apavement-condition-2021","Detroit MI — road infrastructure","42.33","-83.04","12","2021-08-02","End of the Atlas WMS search window; not an acquisition timestamp","","","strong","9.172","2.768","0.3898","2026-07-21T17:54:06","Automated overlay visibility only; not accuracy, validation, target attribution, or acquisition-time confirmation","2026-07-25","60521236a911dc4687831050c04d307822c0f116"
"CSDEI","Construction Site Silica Dust Emission Index","urban","Urban & Infrastructure","urban-surfaces","Urban Surface Condition","research-model","C1","Provisional; entry-level prior-art review pending","M1","2.0","Specified concept or retired formula","false","Formula specified; not implemented in Atlas","AOD_anomaly × construction_site_proximity × wind_vector","","TROPOMI + GIS","Declared workflow; not implemented in Atlas","Declared workflow; not implemented in Atlas","Uncalibrated dimensionless screening score","Silica dust from active construction sites creates AOD anomalies traceable with wind-direction analysis. Requires TROPOMI aerosol optical depth, not available as S2 WMS.","Identifies silica exposure hot zones for occupational health enforcement near construction sites.","Uncalibrated","Not independently evaluated (below V1)","Context location only","","","Dubai — construction dust context","25.17","55.27","10","2021-08-01","End of the Atlas WMS search window; not an acquisition timestamp","","","","","","","","Not applicable because the proposed workflow is not rendered","2026-07-25","60521236a911dc4687831050c04d307822c0f116"
"LFGVI","Landfill Vegetation-Stress Context","urban","Urban & Infrastructure","landfill-context","Landfill Surface Context","component","C1","Provisional; entry-level prior-art review pending","M3","2.0","Live catalog visualization","true","Live screening proxy","LandfillMask × temporal vegetation anomaly × spatial-pattern features × field gas measurements","max(0,0.5−NDVI) × max(0,0.2−RedEdgeContrast) × max(0,0.3−NDMI) × 20","Sentinel-2","Single-scene","Per-pixel","Uncalibrated dimensionless screening score","The live code contains no annular/ring-pattern operator and vegetation stress is not specific to landfill gas.","Vegetation-stress context for landfill inspection when combined with geology and field gas measurements.","Uncalibrated","Not independently evaluated (below V1)","Reviewed event context; not performance evidence","Freshkills Park landfill gas collection and processing","https://freshkillspark.org/landfill-engineering/collection-and-processing","Fresh Kills Landfill Staten Island NY","40.57","-74.17","13","2021-08-01","End of the Atlas WMS search window; not an acquisition timestamp","","","strong","38.515","20.657","0.7352","2026-07-21T17:54:06","Automated overlay visibility only; not accuracy, validation, target attribution, or acquisition-time confirmation","2026-07-25","60521236a911dc4687831050c04d307822c0f116"
"LRD-VSI","Vegetation-Moisture Anomaly Context","urban","Urban & Infrastructure","landfill-context","Landfill Surface Context","component","C1","Provisional; entry-level prior-art review pending","M3","2.0","Live catalog visualization","true","Live screening proxy","LandfillMask × downslope flow path × temporal vegetation and water anomaly","max(0,0.4−NDVI) × max(0,NDWI+0.2) × 5","Sentinel-2","Single-scene","Per-pixel","Uncalibrated dimensionless screening score","The live formula contains no landfill boundary, downslope channel, baseline, or source attribution.","Wet, low-vegetation context for designing a field-verified leachate study.","Uncalibrated","Not independently evaluated (below V1)","Reviewed event context; not performance evidence","NOAA Newtown Creek hazardous-waste profile","https://darrp.noaa.gov/hazardous-waste/newtown-creek","Newtown Creek NY — urban waterway","40.73","-73.94","13","2021-07-15","End of the Atlas WMS search window; not an acquisition timestamp","","","strong","85.686","74.377","0.7358","2026-07-21T17:54:06","Automated overlay visibility only; not accuracy, validation, target attribution, or acquisition-time confirmation","2026-07-25","60521236a911dc4687831050c04d307822c0f116"
"TT-API","Wet Exposed-Peat Context","permafrost","Permafrost & Arctic","permafrost-change","Permafrost & Peat Change","component","C1","Provisional; entry-level prior-art review pending","M3","2.0","Live catalog visualization","true","Live screening proxy","Multi-date peat exposure × mapped slump-edge displacement × terrain context","PeatReflectanceHeuristic × max(0,0.3−NDVI) × max(0,NDWI+0.3) × 8","Sentinel-2","Single-scene","Per-pixel","Uncalibrated dimensionless screening score","The live code contains no edge-collapse or change operator and cannot establish active thermokarst expansion.","Wet exposed-organic-surface context for time-series thermokarst mapping.","Uncalibrated","Not independently evaluated (below V1)","Reviewed event context; not performance evidence","High carbon emissions from thermokarst lakes of Western Siberia","https://www.nature.com/articles/s41467-019-09592-1","West Siberia — thermokarst lakes","62","68","13","2021-09-30","End of the Atlas WMS search window; not an acquisition timestamp","","","strong","10.873","2.325","0.7028","2026-07-21T17:54:06","Automated overlay visibility only; not accuracy, validation, target attribution, or acquisition-time confirmation","2026-07-25","60521236a911dc4687831050c04d307822c0f116"
"TPERI","Thermokarst Pond-Edge Context","permafrost","Permafrost & Arctic","permafrost-change","Permafrost & Peat Change","component","C1","Provisional; entry-level prior-art review pending","M3","2.0","Live catalog visualization","true","Live screening proxy","Expansion rate = [Area(t2)−Area(t1)] / [t2−t1], with boundary-registration uncertainty","I[B12>0.08 and −0.2<NDWI<0.4] × max(0,NDWI+0.2) × 3","Sentinel-2 bi-temporal","Single-scene","Per-pixel","Live: dimensionless context; proposed rate: area/time or distance/time","The live layer is a single-scene wet peat-edge feature. Rate and expansion require registered dates and mapped boundaries.","Selects candidate pond margins for a reproducible change-rate workflow.","Uncalibrated","Not independently evaluated (below V1)","Reviewed event context; not performance evidence","Natural Resources Canada Mackenzie Valley permafrost monitoring publication","https://ostrnrcan-dostrncan.canada.ca/entities/publication/322833e9-a6fa-41bc-8b67-de66b1b39940","Mackenzie Delta Canada — thermokarst","68.4","-134.9","11","2021-08-15","End of the Atlas WMS search window; not an acquisition timestamp","","","strong","5.151","3.964","0.7174","2026-07-21T17:54:06","Automated overlay visibility only; not accuracy, validation, target attribution, or acquisition-time confirmation","2026-07-25","60521236a911dc4687831050c04d307822c0f116"
"PCEI","Peat Carbon Exposure Index","permafrost","Permafrost & Arctic","permafrost-change","Permafrost & Peat Change","primary","C1","Provisional; entry-level prior-art review pending","M3","2.0","Live catalog visualization","true","Live screening proxy","(1−NDVI) × high_SWIR2 × (1−NDWI)","(1−NDVI) × high_SWIR2 × (1−NDWI)","Sentinel-2","Single-scene","Per-pixel","Uncalibrated dimensionless screening score","Exposed dark peat (thawed, not waterlogged) has distinctive spectral signature: low NIR (low NDVI), elevated SWIR2 from organic matter, and low surface moisture (low NDWI).","Satellite proxy for peat carbon vulnerability — identifies zones at highest risk of rapid oxidation.","Uncalibrated","Not independently evaluated (below V1)","Reviewed event context; not performance evidence","WCS Canada Hudson Bay Lowland peatland synthesis","https://wcscanada.org/about/our-programs/forests-peatlands-and-climate-change/synthesis-of-peatland-knowledge-in-the-hudson-bay-lowland/","Hudson Bay lowlands — peat exposure","55","-84","11","2021-09-01","End of the Atlas WMS search window; not an acquisition timestamp","","","strong","52.721","40.941","0.7186","2026-07-21T17:54:06","Automated overlay visibility only; not accuracy, validation, target attribution, or acquisition-time confirmation","2026-07-25","60521236a911dc4687831050c04d307822c0f116"
"SABSI","Bright-Snow Red-Green Context","permafrost","Permafrost & Arctic","snow-algae","Snow Pigment Context","primary","C2","Provisional; entry-level prior-art review pending","M3","2.0","Live catalog visualization","true","Live screening proxy","SnowMask × pigment model calibrated to algae abundance and impurities, with higher-cadence imagery (e.g. Planet) for bloom timing","I[B02>0.4 and B03>0.4] × max[0, (B04−B03)/(B04+B03)+0.05] × 10","Sentinel-2 L2A","Single-scene","Per-pixel","Uncalibrated dimensionless screening score","The live code uses visible-band brightness rather than NDSI and cannot uniquely attribute red snow to algae. The absolute brightness gates (B02, B03 > 0.4) assume offset-corrected surface reflectance. The live layer uses no Planet data.","Red/green spectral context over bright snow for field-reviewed algae studies.","Uncalibrated","Not independently evaluated (below V1)","Reviewed event context; not performance evidence","Greenland Ice Sheet Algae Project / Nature","https://www.nature.com/articles/s41561-020-0582-5","Greenland ice sheet — algae bloom","67","-45","11","2021-08-01","End of the Atlas WMS search window; not an acquisition timestamp","","","strong","99.99","99.686","0.4393","2026-07-21T17:54:06","Automated overlay visibility only; not accuracy, validation, target attribution, or acquisition-time confirmation","2026-07-25","60521236a911dc4687831050c04d307822c0f116"
"FGDCI","Frozen Ground Dielectric Change Index","permafrost","Permafrost & Arctic","permafrost-change","Permafrost & Peat Change","research-model","C1","Provisional; entry-level prior-art review pending","M2","2.0","Non-live executable formula","false","Executable but non-live","(VV_dB − VH_dB) − seasonal_mean(VV_dB − VH_dB)","","Sentinel-1 SAR proof target pending","Declared workflow; not implemented in Atlas","Declared workflow; not implemented in Atlas","Uncalibrated dimensionless screening score","Frozen soil dielectric ~4; thawed ~20–30. 3–6 dB shifts in C-band VV. VV-VH difference normalizes vegetation; anomaly from seasonal mean isolates freeze/thaw transition.","Pan-Arctic freeze/thaw monitoring — tracks permafrost active layer dynamics from Sentinel-1 global coverage.","Uncalibrated","Not independently evaluated (below V1)","Context location only","C-band SAR freeze/thaw detection (Sentinel-1) — see ESA S1 user guide","https://sentinels.copernicus.eu/web/sentinel/user-guides/sentinel-1-sar","West Siberia — freeze/thaw transition","65","80","10","2021-10-01","End of the Atlas WMS search window; not an acquisition timestamp","","","","","","","","Not applicable because the proposed workflow is not rendered","2026-07-25","60521236a911dc4687831050c04d307822c0f116"
"MEPSI","Open Shallow-Water Pond Context","permafrost","Permafrost & Arctic","wetland-gas","Wetland Gas Surface Context","component","C1","Provisional; entry-level prior-art review pending","M3","2.0","Live catalog visualization","true","Live screening proxy","Ebullition-pond identification calibrated to measured methane flux, with higher-cadence imagery (e.g. Planet) for pond dynamics","I[NDWI>0.1 and NDVI<0.15 and NDCI<0.05] × max(0, NDWI) × 3","Sentinel-2 L2A","Single-scene","Per-pixel","Uncalibrated dimensionless screening score","The live layer gates on open water with low vegetation and low red-edge chlorophyll contrast. The third term is NDCI, a chlorophyll-a water index, used here as a bare-water proxy rather than a macrophyte measurement. Ebullition is not observed, and the live layer uses no Planet data.","Selects open, low-productivity ponds as candidate sites for flux measurement.","Uncalibrated","Not independently evaluated (below V1)","Reviewed event context; not performance evidence","High carbon emissions from thermokarst lakes of Western Siberia","https://www.nature.com/articles/s41467-019-09592-1","West Siberian Plain — methane pond","62.5","76","10","2021-08-15","End of the Atlas WMS search window; not an acquisition timestamp","","","strong","9.583","9.583","0.6841","2026-07-21T17:54:06","Automated overlay visibility only; not accuracy, validation, target attribution, or acquisition-time confirmation","2026-07-25","60521236a911dc4687831050c04d307822c0f116"
"ALSI","Active Layer Depth Thermal-Spectral Composite","permafrost","Permafrost & Arctic","permafrost-change","Permafrost & Peat Change","research-model","C1","Provisional; entry-level prior-art review pending","M1","2.0","Specified concept or retired formula","false","Formula specified; not implemented in Atlas","0.6×(LST_anomaly/σ) + 0.4×[(B12−B11)/(B12+B11)]","","ECOSTRESS + Sentinel-2","Declared workflow; not implemented in Atlas","Declared workflow; not implemented in Atlas","Uncalibrated dimensionless screening score","Deeper active layers → warmer surface temperatures (ECOSTRESS LST) + greater clay mineral exposure from frost churning (SWIR B12/B11 ratio). Requires ECOSTRESS thermal.","Satellite proxy for active layer depth — orders of magnitude denser than field probe networks.","Uncalibrated","Not independently evaluated (below V1)","Context location only","","","Alaska North Slope — active layer","69.5","-148","10","2021-08-01","End of the Atlas WMS search window; not an acquisition timestamp","","","","","","","","Not applicable because the proposed workflow is not rendered","2026-07-25","60521236a911dc4687831050c04d307822c0f116"
"PDCSI","Pre-Deforestation Canopy Stress Index","tropicalforest","Tropical Forest","forest-canopy","Forest Canopy Condition","primary","C2","Provisional; entry-level prior-art review pending","M3","2.0","Live catalog visualization","true","Live screening proxy","[(B06−B05)/(B06+B05)] − [(B8A−B08)/(B8A+B08)]","[(B06−B05)/(B06+B05)] − [(B8A−B08)/(B8A+B08)]","Sentinel-2","Single-scene","Per-pixel","Uncalibrated dimensionless screening score","Early-stage canopy thinning shifts the red-edge toward 705 nm (B05 dominance over B06) — detectable 6–18 months before clear-cutting by selective logging or burning.","Provides a 6–18 month warning before deforestation becomes visible — enables preventive enforcement.","Uncalibrated","Not independently evaluated (below V1)","Reviewed event context; not performance evidence","INPE TerraBrasilis PRODES and DETER data platform","https://terrabrasilis.dpi.inpe.br/en/home-page/","Amazon deforestation front — Pará Brazil","-4","-55","11","2021-05-18","End of the Atlas WMS search window; not an acquisition timestamp","","","strong","26.881","14.309","0.6127","2026-07-21T17:54:06","Automated overlay visibility only; not accuracy, validation, target attribution, or acquisition-time confirmation","2026-07-25","60521236a911dc4687831050c04d307822c0f116"
"LISI","Canopy NIR/SWIR Structural Contrast","tropicalforest","Tropical Forest","forest-canopy","Forest Canopy Condition","variant","C2","Provisional; entry-level prior-art review pending","M3","2.0","Live catalog visualization","true","Live screening proxy","Liana-infestation mapping calibrated to crown-level infestation labels with geographically blocked evaluation","2.5 × [(B08−B11)/(B08+B11+6B04−7.5B02+1)] × (B08/B11)","Sentinel-2","Single-scene","Per-pixel","Uncalibrated dimensionless screening score","The live layer scales a NIR/SWIR difference by an EVI-style denominator and a NIR:SWIR1 ratio. The denominator includes a B11 term that earlier documentation omitted, so it is not the EVI denominator despite the similar shape; the expression is an EVI-inspired structural contrast rather than EVI applied to lianas. Liana-versus-tree separation is hypothesized, not demonstrated.","Low-cost canopy-structure contrast to be evaluated against crown-level liana labels and prior UAV/airborne work (Waite et al., 2019; Chandler et al., 2021).","Uncalibrated","Not independently evaluated (below V1)","Reviewed event context; not performance evidence","PMC review on remote sensing for liana infestation detection","https://pmc.ncbi.nlm.nih.gov/articles/PMC12035525/","Borneo — liana-infested forest","1","113","11","2021-08-01","End of the Atlas WMS search window; not an acquisition timestamp","","","strong","98.165","29.463","0.6055","2026-07-21T17:54:06","Automated overlay visibility only; not accuracy, validation, target attribution, or acquisition-time confirmation","2026-07-25","60521236a911dc4687831050c04d307822c0f116"
"UBCDI","Understory vs. Canopy Burn Discrimination Index","tropicalforest","Tropical Forest","fire-effects","Fire Effects & Recovery","research-model","C1","Provisional; entry-level prior-art review pending","M2","2.0","Non-live executable formula","false","Executable but non-live","NBR × SWIR2_elevation proxy (single-date)","","Sentinel-2 context; proof target pending","Declared workflow; not implemented in Atlas","Declared workflow; not implemented in Atlas","Uncalibrated dimensionless screening score","Canopy burns cause NIR collapse (no green canopy). Understory fires leave canopy mostly intact but alter SWIR2. Single-date: low NBR + elevated SWIR2 indicates understory fire.","Distinguishes fire type for tropical forest carbon accounting and recovery prognosis.","Uncalibrated","Not independently evaluated (below V1)","Context location only","NASA Fire Information for Resource Management System (FIRMS)","https://firms.modaps.eosdis.nasa.gov/","Amazon fire scar — Mato Grosso","-9","-52","11","2021-09-01","End of the Atlas WMS search window; not an acquisition timestamp","","","","","","","","Not applicable because the proposed workflow is not rendered","2026-07-25","60521236a911dc4687831050c04d307822c0f116"
"FEDGI","Forest Edge Degradation Gradient Index","tropicalforest","Tropical Forest","forest-disturbance","Forest Disturbance & Carbon","research-model","C1","Provisional; entry-level prior-art review pending","M2","2.0","Non-live executable formula","false","Executable but non-live","NDVI gradient magnitude from interior toward edge","","Sentinel-2 context; proof target pending","Declared workflow; not implemented in Atlas","Declared workflow; not implemented in Atlas","Uncalibrated dimensionless screening score","Edge-effect degradation creates a systematic NDVI gradient from forest interior toward the clearcut boundary — the gradient magnitude encodes how severe and how far edge effects penetrate.","Quantifies edge-effect fragmentation — estimates effective forest area accounting for border degradation.","Uncalibrated","Not independently evaluated (below V1)","Context location only","Hansen et al. Global Forest Change","https://glads.umd.edu/dataset/global-forest-change","Mato Grosso edge — forest fragmentation","-13","-56","11","2021-09-01","End of the Atlas WMS search window; not an acquisition timestamp","","","","","","","","Not applicable because the proposed workflow is not rendered","2026-07-25","60521236a911dc4687831050c04d307822c0f116"
"SLSDI","Selective Logging Scar Detection Index","tropicalforest","Tropical Forest","forest-disturbance","Forest Disturbance & Carbon","research-model","C2","Provisional; entry-level prior-art review pending","M2","2.0","Non-live executable formula","false","Executable but non-live","BSI_gap × NDVI_gap × canopy_context","","Sentinel-2 + Planet","Declared workflow; not implemented in Atlas","Declared workflow; not implemented in Atlas","Uncalibrated dimensionless screening score","Selective logging creates small-scale (<1 ha) gap openings within intact canopy — elevated BSI and reduced NDVI in a high-NDVI surrounding matrix signals logging scars.","Monitors illegal selective logging in concessions — actionable for forest governance enforcement.","Uncalibrated","Not independently evaluated (below V1)","Context location only","PNG Forest Authority Concession Audits","http://www.forestry.gov.pg/","Papua New Guinea — logging concession","-5","144","11","2021-09-15","End of the Atlas WMS search window; not an acquisition timestamp","","","","","","","","Not applicable because the proposed workflow is not rendered","2026-07-25","60521236a911dc4687831050c04d307822c0f116"
"ETCSI","Emergent Tree Crown Stress Index","tropicalforest","Tropical Forest","forest-canopy","Forest Canopy Condition","research-model","C1","Provisional; entry-level prior-art review pending","M1","2.0","Specified concept or retired formula","false","Formula specified; not implemented in Atlas","Per-crown red-edge stress from Planet 3 m delineation + S2 spectral","","Planet + Sentinel-2","Declared workflow; not implemented in Atlas","Declared workflow; not implemented in Atlas","Uncalibrated dimensionless screening score","Individual emergent tree crown delineation requires Planet 3 m resolution; red-edge stress per delineated crown uses S2 spectral information. Requires Planet sensor, not available via SH WMS.","Monitors individual emergent tree health — sentinels for whole-forest stress propagation.","Uncalibrated","Not independently evaluated (below V1)","Context location only","","","Barro Colorado Island Panama","9.15","-79.85","12","2021-08-01","End of the Atlas WMS search window; not an acquisition timestamp","","","","","","","","Not applicable because the proposed workflow is not rendered","2026-07-25","60521236a911dc4687831050c04d307822c0f116"
"BSCMCI","Biological Soil Crust Multi-Condition Index","dryland","Dryland & Arid","dryland-processes","Dryland Surface Processes","research-model","C1","Provisional; entry-level prior-art review pending","M1","2.0","Specified concept or retired formula","false","Formula specified; not implemented in Atlas","[(ρ680−ρ720)/(ρ680+ρ720)] × [(ρ550/ρ670)−1]","","PRISMA / DESIS","Declared workflow; not implemented in Atlas","Declared workflow; not implemented in Atlas","Uncalibrated dimensionless screening score","BSC development stages have distinctive pigment signatures: cyanobacteria (680 nm), green algae (550 nm), lichen (usnic acid). Requires sub-10 nm spectral resolution from PRISMA or DESIS.","Maps biological soil crust condition — BSCs stabilize desert soils and prevent dust emission.","Uncalibrated","Not independently evaluated (below V1)","Context location only","","","Colorado Plateau — BSC context","37.5","-110.5","11","2021-08-01","End of the Atlas WMS search window; not an acquisition timestamp","","","","","","","","Not applicable because the proposed workflow is not rendered","2026-07-25","60521236a911dc4687831050c04d307822c0f116"
"SBCI","Sabkha Brine Chemistry Index","dryland","Dryland & Arid","dryland-processes","Dryland Surface Processes","research-model","C1","Provisional; entry-level prior-art review pending","M1","2.0","Specified concept or retired formula","false","Formula specified; not implemented in Atlas","depth(2217nm) / depth(2175nm)","","EMIT","Declared workflow; not implemented in Atlas","Declared workflow; not implemented in Atlas","Uncalibrated dimensionless screening score","Gypsum at 2217 nm; anhydrite at 2175 nm. Anhydrite forms at higher brine concentration — ratio encodes brine concentration history. Requires EMIT 5 nm bands.","Maps sabkha brine chemistry — tracks paleo-hydrological conditions in hyperarid environments.","Uncalibrated","Not independently evaluated (below V1)","Context location only","","","Empty Quarter Saudi Arabia — sabkha","23","52","10","2021-10-01","End of the Atlas WMS search window; not an acquisition timestamp","","","","","","","","Not applicable because the proposed workflow is not rendered","2026-07-25","60521236a911dc4687831050c04d307822c0f116"
"CSCAI","Caliche Surface Carbonate Accumulation Index","dryland","Dryland & Arid","dryland-processes","Dryland Surface Processes","research-model","C1","Provisional; entry-level prior-art review pending","M1","2.0","Specified concept or retired formula","false","Formula specified; not implemented in Atlas","depth(2335nm) / depth(2160nm)","","EnMAP","Declared workflow; not implemented in Atlas","Declared workflow; not implemented in Atlas","Uncalibrated dimensionless screening score","Calcite CO₃²⁻ absorption at 2335 nm vs. weaker feature at 2160 nm. Ratio encodes carbonate accumulation grade (Stage I–VI caliche). Requires EnMAP 10 nm resolution.","Maps caliche distribution — critical for water infiltration modeling in arid agriculture.","Uncalibrated","Not independently evaluated (below V1)","Context location only","","","Chihuahuan Desert — caliche surface","29","-104","11","2021-08-01","End of the Atlas WMS search window; not an acquisition timestamp","","","","","","","","Not applicable because the proposed workflow is not rendered","2026-07-25","60521236a911dc4687831050c04d307822c0f116"
"DEFPI","Dust Emission Flux Proxy Index","dryland","Dryland & Arid","dryland-processes","Dryland Surface Processes","research-model","C1","Provisional; entry-level prior-art review pending","M1","2.0","Specified concept or retired formula","false","Formula specified; not implemented in Atlas","mineral_erodibility(EMIT) × BSI(S2) × (1−soil_moisture(SMAP))","","EMIT + S2 + SMAP","Declared workflow; not implemented in Atlas","Declared workflow; not implemented in Atlas","Uncalibrated dimensionless screening score","Three factors control dust emission: mineral erodibility (EMIT), bare soil fraction (BSI), and dry surface (SMAP inverted). Multi-sensor fusion required for accurate emission flux.","Improves global dust emission inventories — critical for aerosol climate modeling.","Uncalibrated","Not independently evaluated (below V1)","Context location only","","","Sahel — dust emission season","15","0","9","2021-01-01","End of the Atlas WMS search window; not an acquisition timestamp","","","","","","","","Not applicable because the proposed workflow is not rendered","2026-07-25","60521236a911dc4687831050c04d307822c0f116"
"DLPEHI","Sparse-Vegetation and Bare-Soil Dryland Context","dryland","Dryland & Arid","dryland-processes","Dryland Surface Processes","component","C1","Provisional; entry-level prior-art review pending","M3","2.0","Live catalog visualization","true","Live screening proxy","Oviposition-habitat model combining soil moisture, sparse-vegetation cover, and soil texture with a rainfall gate (e.g. GPM) and validated against ground locust survey records","I[0.05<NDVI<0.35] × I[−0.3<NDWI<0.1] × max(0, BSI + 0.1) × 5","Sentinel-2 L2A","Single-scene","Per-pixel","Uncalibrated dimensionless screening score","The live layer gates on a sparse-vegetation NDVI window and an intermediate NDWI window, then scales a standard bare-soil index. The advertised NDTI texture term is NOT implemented — NDTI requires B12, which this script does not load — and a BSI bare-soil contrast stands in for it. The NDVI window is 0.05–0.35 as coded, not the 0.1–0.3 previously advertised, and NDWI acts as a gate rather than a multiplicative factor. There is no rainfall input, so no GPM data is used.","Dryland surface-context screening. Locust habitat or outbreak warning requires rainfall history, soil texture, and ground survey confirmation.","Uncalibrated","Not independently evaluated (below V1)","Reviewed event context; not performance evidence","FAO desert locust crisis response page","https://www.fao.org/emergencies/where-we-work/desert-locust-crisis/","East Africa — 2020 locust outbreak region","9","42","10","2020-02-01","End of the Atlas WMS search window; not an acquisition timestamp","","","strong","57.392","55.602","0.666","2026-07-25T13:59:47","Automated overlay visibility only; not accuracy, validation, target attribution, or acquisition-time confirmation","2026-07-25","60521236a911dc4687831050c04d307822c0f116"
"AIBEAI","Arroyo Incision and Bank Erosion Activity Index","dryland","Dryland & Arid","dryland-processes","Dryland Surface Processes","research-model","C1","Provisional; entry-level prior-art review pending","M2","2.0","Non-live executable formula","false","Executable but non-live","BSI_channel_bottom / NDVI_channel_margin","","Sentinel-2 + Planet","Declared workflow; not implemented in Atlas","Declared workflow; not implemented in Atlas","Uncalibrated dimensionless screening score","Active incision exposes fresh bright mineral soils (high BSI). Stable channels have established bank vegetation (positive NDVI at margins). Ratio encodes incision vs. stability state.","Maps actively eroding arroyos — guides erosion control investment and predicts downstream sediment loads.","Uncalibrated","Not independently evaluated (below V1)","Context location only","USGS Arroyo Restoration / Bureau of Land Management","https://www.blm.gov/new-mexico","New Mexico — arroyo incision","33.35","-107.25","12","2021-07-02","End of the Atlas WMS search window; not an acquisition timestamp","","","","","","","","Not applicable because the proposed workflow is not rendered","2026-07-25","60521236a911dc4687831050c04d307822c0f116"
"PWTDI","Peatland Water-Table Calibration Model","wetland","Wetland & Peatland","wetland-hydrology","Wetland Hydrology","research-model","C2","Provisional; entry-level prior-art review pending","M2","2.0","Non-live executable formula","false","Field calibration required","Logger-calibrated regression with geographic and temporal holdouts","","Sentinel-1 GRD | Sentinel-2 L2A | water-table loggers | vegetation and seasonal covariates","Declared workflow; not implemented in Atlas","Declared workflow; not implemented in Atlas","Estimated depth after calibration","Sentinel-2 B09 is a coarse atmospheric-water-vapor band, not a direct 970/1020 nm Sphagnum water-content channel. Water-table depth must be calibrated to in-situ loggers.","Defines a radar-optical water-table experiment rather than an operational WTD product.","Uncalibrated","Not independently evaluated (below V1)","Context location only","Biebrza National Park Research / Copernicus EMS","https://www.biebrza.org.pl/","Biebrza Marshes Poland — peatland WTD","53.55","23.08","11","2021-05-01","End of the Atlas WMS search window; not an acquisition timestamp","","","","","","","","Not applicable because the proposed workflow is not rendered","2026-07-25","60521236a911dc4687831050c04d307822c0f116"
"MHSSP","Open Anoxic-Surface Context Proxy","wetland","Wetland & Peatland","wetland-gas","Wetland Gas Surface Context","component","C1","Provisional; entry-level prior-art review pending","M3","2.0","Live catalog visualization","true","Live screening proxy","Surface-context features combined with an atmospheric methane retrieval (e.g. TROPOMI) and plume-transport modelling","max(0,NDWI) × max(0, 0.3−NDVI) × max(0, 0.1−(B05−B04)/(B05+B04)) × 20","Sentinel-2 L2A","Single-scene","Per-pixel","Uncalibrated dimensionless screening score","The live formula identifies wet, low-vegetation, low-red-edge surfaces. The red-edge term is a fixed threshold, not the advertised normalization against a local maximum. It does not measure methane flux or identify emission hotspots, and the live layer uses no TROPOMI data.","Candidate surface-context feature for studies with chamber, tower, or atmospheric methane measurements.","Uncalibrated","Not independently evaluated (below V1)","Reviewed event context; not performance evidence","NASA DeltaX Project / USGS Wetlands Center","https://deltax.jpl.nasa.gov/","Mississippi River Delta — methane hotspot","29","-89.5","10","2021-07-01","End of the Atlas WMS search window; not an acquisition timestamp","","","strong","92.133","88.459","0.7352","2026-07-21T17:54:06","Automated overlay visibility only; not accuracy, validation, target attribution, or acquisition-time confirmation","2026-07-25","60521236a911dc4687831050c04d307822c0f116"
"TFIDI","Single-Date Tidal-Zone Wetness Context","wetland","Wetland & Peatland","wetland-hydrology","Wetland Hydrology","component","C1","Provisional; entry-level prior-art review pending","M3","2.0","Live catalog visualization","true","Live screening proxy","Clear-observation NDWI percentile spread across a tidal time series","I[−0.1<NDWI<0.4] × I[B11<0.1] × max(0,NDWI+0.15) × 2","Sentinel-2 monthly","Single-scene","Per-pixel","Uncalibrated dimensionless screening score","The live layer contains no variability calculation. It displays a single-date intermediate wetness condition.","Selects likely tidal-transition surfaces for a hydroperiod time-series analysis.","Uncalibrated","Not independently evaluated (below V1)","Reviewed event context; not performance evidence","Frontiers study of Yellow River Delta tidal-flat dynamics","https://www.frontiersin.org/journals/marine-science/articles/10.3389/fmars.2023.1259081/full","Yellow River Delta China — tidal flat","37.76","119.18","11","2021-08-17","End of the Atlas WMS search window; not an acquisition timestamp","","","strong","35.231","34.834","0.7355","2026-07-21T17:54:06","Automated overlay visibility only; not accuracy, validation, target attribution, or acquisition-time confirmation","2026-07-25","60521236a911dc4687831050c04d307822c0f116"
"WDPTZI","Peat Moisture Transition Proxy","wetland","Wetland & Peatland","wetland-hydrology","Wetland Hydrology","component","C1","Provisional; entry-level prior-art review pending","M3","2.0","Live catalog visualization","true","Live screening proxy","Spatial gradient magnitude or edge detector applied to a co-registered peat-moisture surface","I[0.05<|(B11−B8A)/(B11+B8A)|<0.3] × |NDWI| × 3","Sentinel-2","Single-scene","Per-pixel","Uncalibrated dimensionless screening score","The live evalscript is per-pixel and does not calculate a Sobel operator or neighborhood gradient.","Moisture-transition context for a later spatial edge-analysis workflow.","Uncalibrated","Not independently evaluated (below V1)","Reviewed event context; not performance evidence","The Cryosphere study of Western Siberian thermokarst lake waters","https://tc.copernicus.org/articles/8/1177/2014/tc-8-1177-2014.pdf","West Siberia — peatland transition zone","61.5","69","11","2021-07-15","End of the Atlas WMS search window; not an acquisition timestamp","","","strong","20.153","20.095","0.7328","2026-07-21T17:54:06","Automated overlay visibility only; not accuracy, validation, target attribution, or acquisition-time confirmation","2026-07-25","60521236a911dc4687831050c04d307822c0f116"
"IPVSI","Dense-Canopy Red-Edge Ratio Context","wetland","Wetland & Peatland","wetland-vegetation","Wetland Vegetation Structure","primary","C2","Provisional; entry-level prior-art review pending","M3","2.0","Live catalog visualization","true","Live screening proxy","Seasonal multi-date Phragmites discrimination calibrated to mapped stands of invasive and native marsh vegetation","I[NDVI>0.6 and NDRE>0.3] × max(0, NDRE/NDVI − 0.5) × 3","Sentinel-2 seasonal","Single-scene; proposed workflow requires a seasonal series","Per-pixel","Uncalibrated dimensionless screening score","The live layer is single-date, not seasonal. It gates on dense green canopy and displays the red-edge-to-NDVI ratio above a fixed offset. Dense monoculture and species-diverse marsh are not separated by this expression alone; the ratio responds to canopy density and chlorophyll, which many wetland species share.","Selects dense-canopy wetland patches for field or multi-date review; it does not identify Phragmites or any other species.","Uncalibrated","Not independently evaluated (below V1)","Reviewed event context; not performance evidence","Great Lakes Phragmites Collaborative","https://www.greatlakesphragmites.net/","Detroit River marshes — Phragmites invasion","41.9","-83.2","11","2021-09-01","End of the Atlas WMS search window; not an acquisition timestamp","","","strong","100","9.806","0.7841","2026-07-21T17:54:06","Automated overlay visibility only; not accuracy, validation, target attribution, or acquisition-time confirmation","2026-07-25","60521236a911dc4687831050c04d307822c0f116"
"WVTDI","Wetland Vegetation-Water Balance Context","wetland","Wetland & Peatland","wetland-vegetation","Wetland Vegetation Structure","variant","C2","Provisional; entry-level prior-art review pending","M3","2.0","Live catalog visualization","true","Live screening proxy","Multi-date wetland vegetation-type classification calibrated to surveyed sedge, rush, forb, and reed communities","I[NDWI>−0.2 and NDVI>0.2] × [0.6 × NDVI + 0.4 × max(0, NDWI + 0.2)]","Sentinel-2 time series","Single-scene; proposed workflow requires a multi-date series","Per-pixel","Uncalibrated dimensionless screening score","The live layer is a single-date weighted sum of greenness and wetness inside a wet-vegetation gate. It produces a continuous vegetation-water balance score, not a vegetation-type class, and the weights are unfitted design choices rather than calibrated coefficients.","Continuous wetland vegetation-water context for stratifying field survey effort.","Uncalibrated","Not independently evaluated (below V1)","Reviewed event context; not performance evidence","Tour du Valat Research Institute / Camargue","https://tourduvalat.org/en/","Camargue France — wetland diversity","43.47","4.58","11","2021-05-02","End of the Atlas WMS search window; not an acquisition timestamp","","","strong","2.781","2.52","0.6432","2026-07-21T17:54:06","Automated overlay visibility only; not accuracy, validation, target attribution, or acquisition-time confirmation","2026-07-25","60521236a911dc4687831050c04d307822c0f116"
"CMSTI","Clay-Mineral Absorption-Position Model","hyperspectral","Hyperspectral-Enabled","hyperspectral-materials","Hyperspectral Materials","research-model","C1","Provisional; entry-level prior-art review pending","M1","2.0","Specified concept or retired formula","false","Spectral fitting required","Mineral classification f(λ_min, feature shape, spectral library, mixture model, uncertainty)","","EMIT","Declared workflow; not implemented in Atlas","Declared workflow; not implemented in Atlas","Fitted wavelength and classification uncertainty","An approximately 8 nm target shift is comparable to EMIT sampling and cannot be treated as a direct one-channel minimum. Spectral fitting, signal-to-noise, mixtures, and wavelength uncertainty are required.","Defines a falsifiable clay-mineral separability experiment.","Uncalibrated","Not independently evaluated (below V1)","Context location only","","","Painted Desert AZ — clay mineral diversity","35","-110.7","11","2021-09-01","End of the Atlas WMS search window; not an acquisition timestamp","","","","","","","","Not applicable because the proposed workflow is not rendered","2026-07-25","60521236a911dc4687831050c04d307822c0f116"
"MPSSFI","Methane Matched-Filter Research Specification","hyperspectral","Hyperspectral-Enabled","atmospheric-carbon","Atmospheric Methane & Carbon","research-model","C2","Provisional; entry-level prior-art review pending","M1","2.0","Specified concept or retired formula","false","Atmospheric retrieval required","Plume/background retrieval followed by wind-informed flux estimation and uncertainty","","EMIT","Declared workflow; not implemented in Atlas","Declared workflow; not implemented in Atlas","Column enhancement; flux only after wind-informed inversion","A three-band surface-reflectance depth at 1667 nm is not a robust atmospheric methane retrieval and does not isolate water vapor or carbon dioxide by itself.","Specifies an imaging-spectroscopy methane workflow consistent with plume retrieval practice.","Uncalibrated","Not independently evaluated (below V1)","Context location only","","","Permian Basin TX — methane super-emitter context","31.8","-102.3","11","2021-09-01","End of the Atlas WMS search window; not an acquisition timestamp","","","","","","","","Not applicable because the proposed workflow is not rendered","2026-07-25","60521236a911dc4687831050c04d307822c0f116"
"AFCDI","Asbestos Fiber Chrysotile Detection Index","hyperspectral","Hyperspectral-Enabled","hyperspectral-materials","Hyperspectral Materials","research-model","C1","Provisional; entry-level prior-art review pending","M1","2.0","Specified concept or retired formula","false","Formula specified; not implemented in Atlas","depth(2317nm) / depth(2387nm)","","EMIT + PRISMA","Declared workflow; not implemented in Atlas","Declared workflow; not implemented in Atlas","Uncalibrated dimensionless screening score","Chrysotile Mg-OH doublet at 2317/2387 nm discriminated from antigorite (2320/2100 nm) and lizardite (2320/2390 nm). EMIT 5 nm sampling resolves the 70 nm separation.","Natural asbestos zone mapping near communities — eliminates the highest-uncertainty step in exposure assessment.","Uncalibrated","Not independently evaluated (below V1)","Context location only","","","New Idria CA — natural asbestos zone","36.47","-120.65","12","2021-08-01","End of the Atlas WMS search window; not an acquisition timestamp","","","","","","","","Not applicable because the proposed workflow is not rendered","2026-07-25","60521236a911dc4687831050c04d307822c0f116"
"SCFGOSI","Soil Carbon Functional Group Oxidation State Index","hyperspectral","Hyperspectral-Enabled","hyperspectral-materials","Hyperspectral Materials","research-model","C1","Provisional; entry-level prior-art review pending","M1","2.0","Specified concept or retired formula","false","Formula specified; not implemented in Atlas","depth(1730nm) / (1−mean_reflectance_400-2500nm)","","EMIT + EnMAP","Declared workflow; not implemented in Atlas","Declared workflow; not implemented in Atlas","Uncalibrated dimensionless screening score","Labile C (lipids, proteins) → C-H overtone at 1730 nm. Recalcitrant C (aromatic humus, char) → broad spectral darkness. Ratio encodes labile vs. recalcitrant proportion.","Distinguishes stable carbon from labile — critical for understanding which soils store carbon permanently.","Uncalibrated","Not independently evaluated (below V1)","Context location only","","","Iowa farmland — soil carbon context","42","-93","11","2021-07-01","End of the Atlas WMS search window; not an acquisition timestamp","","","","","","","","Not applicable because the proposed workflow is not rendered","2026-07-25","60521236a911dc4687831050c04d307822c0f116"
"REENBI","REE Neodymium Band-Depth Feature","hyperspectral","Hyperspectral-Enabled","hyperspectral-materials","Hyperspectral Materials","research-model","C1","Provisional; entry-level prior-art review pending","M1","2.0","Specified concept or retired formula","false","Continuum-removal specification","Rc803 = linearly interpolated continuum between validated shoulders; interpret through mixture and field tests","","EnMAP","Declared workflow; not implemented in Atlas","Declared workflow; not implemented in Atlas","Dimensionless continuum-removed band depth","The prior denominator incorrectly added a shoulder reflectance to an interpolated continuum. Standard continuum removal uses the continuum value at the feature center.","Candidate neodymium absorption feature for spectral-library and field validation.","Uncalibrated","Not independently evaluated (below V1)","Context location only","","","Mountain Pass CA — REE mine","35.47","-115.52","11","2021-08-01","End of the Atlas WMS search window; not an acquisition timestamp","","","","","","","","Not applicable because the proposed workflow is not rendered","2026-07-25","60521236a911dc4687831050c04d307822c0f116"
"EPCASE","EnMAP Porphyry Cu Alteration Sequence Index","hyperspectral","Hyperspectral-Enabled","hyperspectral-materials","Hyperspectral Materials","research-model","C1","Provisional; entry-level prior-art review pending","M1","2.0","Specified concept or retired formula","false","Formula specified; not implemented in Atlas","SAM distance to porphyry alteration sequence endmember","","EnMAP","Declared workflow; not implemented in Atlas","Declared workflow; not implemented in Atlas","Uncalibrated dimensionless screening score","Porphyry Cu deposits have phyllic → potassic → propylitic alteration zones with diagnostic mineral assemblages in SWIR. EnMAP L2A provides the spectral resolution for alteration mapping.","Transforms Cu exploration — reduces discovery cost for critical battery mineral.","Uncalibrated","Not independently evaluated (below V1)","Context location only","","","Atacama Chile — Chuquicamata Cu mine","-22.3","-68.9","11","2021-09-01","End of the Atlas WMS search window; not an acquisition timestamp","","","","","","","","Not applicable because the proposed workflow is not rendered","2026-07-25","60521236a911dc4687831050c04d307822c0f116"
"DPCCI","DESIS Phycocyanin Column Concentration Index","hyperspectral","Hyperspectral-Enabled","aquatic-blooms","Aquatic Blooms & Pigments","research-model","C2","Provisional; entry-level prior-art review pending","M1","2.0","Specified concept or retired formula","false","Formula specified; not implemented in Atlas","depth(621nm) / continuum from DESIS 2.55 nm resolution","","DESIS + PACE","Declared workflow; not implemented in Atlas","Declared workflow; not implemented in Atlas","Uncalibrated dimensionless screening score","Phycocyanin has a sharp absorption at 621 nm. DESIS 2.55 nm resolution resolves this feature precisely — interpolated continuum removes background water-leaving radiance.","Accurate phycocyanin concentration mapping for drinking water reservoir management.","Uncalibrated","Not independently evaluated (below V1)","Context location only","","","Lake Erie — phycocyanin bloom","41.7","-82.5","10","2021-08-01","End of the Atlas WMS search window; not an acquisition timestamp","","","","","","","","Not applicable because the proposed workflow is not rendered","2026-07-25","60521236a911dc4687831050c04d307822c0f116"
"PFTIB","Phytoplankton Functional Type Index Battery","hyperspectral","Hyperspectral-Enabled","aquatic-blooms","Aquatic Blooms & Pigments","research-model","C1","Provisional; entry-level prior-art review pending","M1","2.0","Specified concept or retired formula","false","Formula specified; not implemented in Atlas","PFT_diatom=Abs(490)/Abs(440) | PFT_hapto=Abs(453)/Abs(490) | etc.","","PACE OCI","Declared workflow; not implemented in Atlas","Declared workflow; not implemented in Atlas","Uncalibrated dimensionless screening score","PACE OCI 5 nm bands resolve diatom (fucoxanthin 490–510 nm), haptophyte (19-hex-fucoxanthin 453 nm), and cyanobacteria (divinyl chlorophyll 440 nm shift) pigment packages simultaneously.","Global phytoplankton community composition — enables carbon export estimates and HAB species prediction.","Uncalibrated","Not independently evaluated (below V1)","Context location only","","","Chesapeake Bay — phytoplankton community","38.5","-76","10","2021-07-01","End of the Atlas WMS search window; not an acquisition timestamp","","","","","","","","Not applicable because the proposed workflow is not rendered","2026-07-25","60521236a911dc4687831050c04d307822c0f116"
"TSEAI","Methane Inventory Residual Research Model","crosssensor","Cross-Sensor Fusion","atmospheric-carbon","Atmospheric Methane & Carbon","research-model","C1","Provisional; entry-level prior-art review pending","M1","2.0","Specified concept or retired formula","false","Transport inversion required","Source posterior p(source | residual, transport, inventory, land-cover prior, uncertainty)","","S5P TROPOMI + S2","Declared workflow; not implemented in Atlas","Declared workflow; not implemented in Atlas","Concentration residual; source flux only after inversion","XCH4 concentration cannot be divided by land-cover fractions and emission factors with incompatible units. Land cover is a prior; attribution requires transport and uncertainty.","Defines the residual and evidence required for methane-source attribution.","Uncalibrated","Not independently evaluated (below V1)","Context location only","","","Permian Basin TX — methane attribution","31.8","-102.3","10","2021-08-01","End of the Atlas WMS search window; not an acquisition timestamp","","","","","","","","Not applicable because the proposed workflow is not rendered","2026-07-25","60521236a911dc4687831050c04d307822c0f116"
"ISSAI","ICESat-2 + Sentinel-1 Subsidence Attribution Index","crosssensor","Cross-Sensor Fusion","cross-sensor-systems","Cross-Sensor Decision Models","research-model","C1","Provisional; entry-level prior-art review pending","M1","2.0","Specified concept or retired formula","false","Formula specified; not implemented in Atlas","(ICESat2_dZ/dt − InSAR_LOS_vertical) / ICESat2_dZ/dt","","ICESat-2 + S1 + S2","Declared workflow; not implemented in Atlas","Declared workflow; not implemented in Atlas","Uncalibrated dimensionless screening score","ICESat-2 measures absolute elevation change; InSAR measures relative deformation. Discrepancy identifies rapid incoherent subsidence or different temporal sampling.","Subsidence cause attribution for tens of millions in sinking coastal cities.","Uncalibrated","Not independently evaluated (below V1)","Context location only","","","Jakarta Indonesia — subsidence context","-6.2","106.8","11","2021-08-01","End of the Atlas WMS search window; not an acquisition timestamp","","","","","","","","Not applicable because the proposed workflow is not rendered","2026-07-25","60521236a911dc4687831050c04d307822c0f116"
"GEAWSI","GRACE-FO + ECOSTRESS Agricultural Water Stress Index","crosssensor","Cross-Sensor Fusion","cross-sensor-systems","Cross-Sensor Decision Models","research-model","C1","Provisional; entry-level prior-art review pending","M1","2.0","Specified concept or retired formula","false","Formula specified; not implemented in Atlas","(ET_ecostress / PET_estimate) × TWS_anomaly_sign","","GRACE-FO + ECOSTRESS","Declared workflow; not implemented in Atlas","Declared workflow; not implemented in Atlas","Uncalibrated dimensionless screening score","ET/PET < 1 = crop water stress. Negative TWS anomaly simultaneously = groundwater drawdown. Co-occurrence identifies the most urgent water security scenario.","Identifies irrigation systems where crop stress AND aquifer depletion co-occur.","Uncalibrated","Not independently evaluated (below V1)","Context location only","","","Ogallala aquifer region — water stress","38","-100","9","2021-07-01","End of the Atlas WMS search window; not an acquisition timestamp","","","","","","","","Not applicable because the proposed workflow is not rendered","2026-07-25","60521236a911dc4687831050c04d307822c0f116"
"EMSMMI","EMIT Mineral + Sentinel-1 Soil Moisture Index","crosssensor","Cross-Sensor Fusion","cross-sensor-systems","Cross-Sensor Decision Models","research-model","C1","Provisional; entry-level prior-art review pending","M1","2.0","Specified concept or retired formula","false","Formula specified; not implemented in Atlas","VWC_S1_raw / (1 + clay_fraction_EMIT × clay_dielectric_correction)","","EMIT + S1","Declared workflow; not implemented in Atlas","Declared workflow; not implemented in Atlas","Uncalibrated dimensionless screening score","Smectite clay inflates C-band backscatter-to-moisture retrieval. EMIT mineral fraction maps provide the clay correction enabling mineralogy-specific VWC retrieval.","Improved soil moisture accuracy at global scale — particularly in high-clay agricultural regions.","Uncalibrated","Not independently evaluated (below V1)","Context location only","","","Murray-Darling Basin Australia — clay soils","-34","142","10","2021-01-01","End of the Atlas WMS search window; not an acquisition timestamp","","","","","","","","Not applicable because the proposed workflow is not rendered","2026-07-25","60521236a911dc4687831050c04d307822c0f116"
"NFCAI","NISAR-Optical Biomass Calibration Model","crosssensor","Cross-Sensor Fusion","forest-disturbance","Forest Disturbance & Carbon","research-model","C3","Provisional; entry-level prior-art review pending","M1","2.0","Specified concept or retired formula","false","Field calibration required","Carbon = AGB_estimate × carbon_fraction with plot, allometric, saturation, and model uncertainty","","NISAR L-band products | Sentinel-2 canopy features | topography | biomass plots | allometry","Declared workflow; not implemented in Atlas","Declared workflow; not implemented in Atlas","Biomass or carbon per area after calibration","Radar backscatter and NDVI trend cannot be combined as an uncalibrated carbon equation, and NDVI trend is not a stand-age measurement. NISAR launched in 2025.","Defines a plot-calibrated biomass and carbon experiment using NISAR science data.","Uncalibrated","Not independently evaluated (below V1)","Context location only","","","Congo Basin — tropical forest carbon","-2","24","10","2021-07-01","End of the Atlas WMS search window; not an acquisition timestamp","","","","","","","","Not applicable because the proposed workflow is not rendered","2026-07-25","60521236a911dc4687831050c04d307822c0f116"
"SNUVQI","NO₂ + Sentinel-2 Urban Vegetation Air Quality Index","crosssensor","Cross-Sensor Fusion","cross-sensor-systems","Cross-Sensor Decision Models","research-model","C1","Provisional; entry-level prior-art review pending","M1","2.0","Specified concept or retired formula","false","Formula specified; not implemented in Atlas","NO2_TROPOMI_downscaled − f(NDVI_S2, wind_ERA5)","","TROPOMI + S2 + ERA5","Declared workflow; not implemented in Atlas","Declared workflow; not implemented in Atlas","Uncalibrated dimensionless screening score","S2 NDVI at 10 m constrains tree deposition capacity; ERA5 wind constrains dispersion. Residual NO₂ after tree-deposition model reveals neighborhoods with air quality benefit from urban forest.","Maps which neighborhoods receive NO₂ benefit from urban trees — environmental justice analysis.","Uncalibrated","Not independently evaluated (below V1)","Context location only","","","Los Angeles CA — urban vegetation AQ","34.05","-118.24","11","2021-08-01","End of the Atlas WMS search window; not an acquisition timestamp","","","","","","","","Not applicable because the proposed workflow is not rendered","2026-07-25","60521236a911dc4687831050c04d307822c0f116"
"PUENPI","Coastal Wetland Carbon-Budget Research Model","crosssensor","Cross-Sensor Fusion","cross-sensor-systems","Cross-Sensor Decision Models","research-model","C1","Provisional; entry-level prior-art review pending","M1","2.0","Specified concept or retired formula","false","Carbon-budget model required","All components harmonized to common carbon units, spatial support, interval, and system boundary","","PACE OCI + ECOSTRESS","Declared workflow; not implemented in Atlas","Declared workflow; not implemented in Atlas","Carbon per area per time after harmonization","The prior expression subtracted aquatic primary production and mixed products with incompatible meanings and supports. A coastal carbon budget requires an explicit system boundary and sign convention.","Defines the accounting structure needed before combining PACE and thermal/ecosystem products.","Uncalibrated","Not independently evaluated (below V1)","Context location only","","","Louisiana coast — coastal wetland NEP","29.5","-90.5","10","2021-07-01","End of the Atlas WMS search window; not an acquisition timestamp","","","","","","","","Not applicable because the proposed workflow is not rendered","2026-07-25","60521236a911dc4687831050c04d307822c0f116"
